No.,Time,Length
1,0,2272
2,0.001065,66
3,0.002291,4254
4,0.002301,66
5,0.002339,5650
6,0.002346,66
7,0.002385,5650
8,0.002389,66
9,0.002435,7046
10,0.00244,66
11,0.002484,5650
12,0.002489,66
13,0.002538,5650
14,0.002543,66
15,0.002586,5650
16,0.002592,66
17,0.002636,7046
18,0.002644,66
19,0.002685,5650
20,0.00269,66
21,0.002751,7046
22,0.002757,66
23,0.002784,4254
24,0.002788,66
25,0.002834,1462
26,0.002838,66
27,0.002835,2557
28,0.002842,66
29,0.038769,2360
30,0.03981,66
31,0.042059,5650
32,0.042089,66
33,0.042181,15422
34,0.042187,66
35,0.042263,9838
36,0.042514,29382
37,0.042754,4254
38,0.042754,23798
39,0.043001,29382
40,0.043239,11234
41,0.043251,18214
42,0.04351,30778
43,0.043782,15422
44,0.049003,21006
45,0.04995,66
46,0.050449,66
47,0.051203,27986
48,0.051247,66
49,0.051446,15422
50,0.051456,66
51,0.051469,15422
52,0.051477,66
53,0.05171,29382
54,0.051741,66
55,0.051948,19610
56,0.051961,66
57,0.051973,3038
58,0.051976,66
59,0.051973,8442
60,0.051979,66
61,0.052201,26590
62,0.05221,66
63,0.052449,26410
64,0.052458,66
65,0.052465,5650
66,0.052469,66
67,0.052694,14026
68,0.052704,66
69,0.052713,15422
70,0.052719,66
71,0.052951,27986
72,0.05296,66
73,0.0532,1462
74,0.053204,66
75,0.0532,25194
76,0.053212,66
77,0.053452,29382
78,0.053461,66
79,0.053701,9838
80,0.053706,66
81,0.053701,19610
82,0.053713,66
83,0.053954,30778
84,0.053962,66
85,0.054195,14026
86,0.054202,66
87,0.054211,15422
88,0.054215,66
89,0.054453,29382
90,0.054462,66
91,0.054697,19610
92,0.054703,66
93,0.054713,11234
94,0.054718,66
95,0.054952,27986
96,0.054961,66
97,0.055202,25194
98,0.055211,66
99,0.055216,5650
100,0.055218,66
101,0.055453,27986
102,0.05546,66
103,0.055704,30778
104,0.055715,66
105,0.055721,1462
106,0.055722,66
107,0.055955,27986
108,0.055969,66
109,0.056207,29382
110,0.056224,66
111,0.056461,5650
112,0.056468,66
113,0.056461,23798
114,0.056482,66
115,0.056714,29382
116,0.056729,66
117,0.056953,11234
118,0.056962,66
119,0.056977,21006
120,0.056994,66
121,0.057216,27986
122,0.057231,66
123,0.057457,15422
124,0.057468,66
125,0.057489,16818
126,0.057498,66
127,0.057714,26590
128,0.057724,66
129,0.057953,21006
130,0.05796,66
131,0.057971,8442
132,0.057975,66
133,0.058211,29382
134,0.058221,66
135,0.058465,26590
136,0.058477,66
137,0.058483,4254
138,0.058486,66
139,0.058716,27986
140,0.058732,66
141,0.058967,29382
142,0.05898,66
143,0.059216,2858
144,0.05922,66
145,0.059216,26590
146,0.059237,66
147,0.059469,29382
148,0.059485,66
149,0.059718,8442
150,0.059723,66
151,0.059718,21006
152,0.059733,66
153,0.059968,29382
154,0.059979,66
155,0.060207,14026
156,0.060215,66
157,0.060229,16818
158,0.060233,66
159,0.060467,27986
160,0.060477,66
161,0.06071,19610
162,0.060719,66
163,0.060732,12630
164,0.060736,66
165,0.060968,26590
166,0.06098,66
167,0.061216,25194
168,0.061226,66
169,0.061232,7046
170,0.061238,66
171,0.061467,27986
172,0.061477,66
173,0.061717,27986
174,0.061733,66
175,0.061971,1462
176,0.061976,66
177,0.061971,29382
178,0.061988,66
179,0.06222,29382
180,0.06223,66
181,0.06247,5650
182,0.062476,66
183,0.06247,23798
184,0.062487,66
185,0.06272,29382
186,0.062731,66
187,0.062962,11234
188,0.062969,66
189,0.062984,19610
190,0.062989,66
191,0.063221,27986
192,0.063231,66
193,0.063464,8442
194,0.06347,66
195,0.063464,8442
196,0.063477,66
197,0.063486,14026
198,0.063493,66
199,0.063721,27986
200,0.06373,66
201,0.063965,14026
202,0.063973,66
203,0.064224,4254
204,0.06423,66
205,0.064486,4254
206,0.06449,66
207,0.064486,26590
208,0.064499,66
209,0.064588,12630
210,0.064595,66
211,0.064846,25194
212,0.06486,7046
213,0.064879,66
214,0.065101,27986
215,0.065112,66
216,0.065348,29382
217,0.065363,1462
218,0.065381,66
219,0.065599,27986
220,0.06561,66
221,0.065846,29382
222,0.065871,66
223,0.066098,5650
224,0.066104,66
225,0.066099,25194
226,0.066346,27986
227,0.066383,66
228,0.066593,11234
229,0.066602,66
230,0.066612,19610
231,0.06662,1462
232,0.066636,66
233,0.066848,2858
234,0.066853,66
235,0.066848,25194
236,0.066876,66
237,0.067092,15422
238,0.0671,66
239,0.06711,15422
240,0.067128,66
241,0.067361,29382
242,0.067388,66
243,0.067593,19610
244,0.067601,66
245,0.067611,9838
246,0.067628,66
247,0.067859,29382
248,0.067873,66
249,0.068099,25194
250,0.068108,66
251,0.068114,4254
252,0.068274,66
253,0.068355,27986
254,0.068368,66
255,0.068593,14642
256,0.0686,66
257,0.075924,2279
258,0.077198,66
259,0.090721,33570
260,0.090777,7046
261,0.090793,66
262,0.090822,66
263,0.091035,23798
264,0.091049,2737
265,0.091793,66
266,0.121079,2367
267,0.122393,66
268,0.124925,29382
269,0.125039,14026
270,0.125099,66
271,0.125269,21006
272,0.125283,66
273,0.125294,9838
274,0.125543,29382
275,0.125783,25194
276,0.125798,4254
277,0.126033,27986
278,0.126277,29382
279,0.126526,2858
280,0.126526,26590
281,0.126776,29382
282,0.12688,66
283,0.12703,8442
284,0.127037,66
285,0.12703,21006
286,0.127065,66
287,0.127278,25194
288,0.127299,66
289,0.127303,7046
290,0.127348,66
291,0.127517,11234
292,0.127522,66
293,0.128137,29382
294,0.128148,66
295,0.128401,30778
296,0.128427,66
297,0.128636,4254
298,0.128641,66
299,0.128636,23798
300,0.128887,29382
301,0.128922,66
302,0.129128,11234
303,0.129133,66
304,0.129146,19610
305,0.129164,66
306,0.129385,27986
307,0.129405,66
308,0.129628,16818
309,0.129634,66
310,0.129643,14026
311,0.129658,66
312,0.129887,29382
313,0.129906,66
314,0.13013,21006
315,0.130137,66
316,0.130148,9838
317,0.13016,66
318,0.130385,27986
319,0.130393,66
320,0.130637,8442
321,0.130642,66
322,0.130637,18214
323,0.130651,4254
324,0.13086,66
325,0.130886,27986
326,0.130902,66
327,0.131138,29382
328,0.131158,66
329,0.131397,2858
330,0.1314,66
331,0.131397,27986
332,0.131422,66
333,0.131674,33570
334,0.1317,66
335,0.131897,2858
336,0.131902,66
337,0.131897,22402
338,0.131927,66
339,0.132143,29382
340,0.132165,66
341,0.132385,12630
342,0.132393,66
343,0.132411,19610
344,0.132431,66
345,0.132644,26590
346,0.132673,66
347,0.132886,18214
348,0.132893,66
349,0.132902,12630
350,0.13292,66
351,0.133142,27986
352,0.133151,66
353,0.133389,23798
354,0.133401,66
355,0.133407,7046
356,0.133426,66
357,0.133643,27986
358,0.133651,66
359,0.133892,29382
360,0.133902,1462
361,0.13391,66
362,0.134143,27986
363,0.134151,66
364,0.134396,30778
365,0.134415,66
366,0.134642,4254
367,0.134645,66
368,0.134642,23798
369,0.13466,66
370,0.134893,29382
371,0.134911,66
372,0.135136,11234
373,0.13514,66
374,0.135152,19610
375,0.135169,66
376,0.135409,30778
377,0.135442,66
378,0.135653,14026
379,0.135671,66
380,0.135701,19610
381,0.135722,66
382,0.135905,25194
383,0.135923,66
384,0.13614,19610
385,0.136146,66
386,0.136154,9838
387,0.136175,66
388,0.136408,29382
389,0.136434,66
390,0.136656,25194
391,0.136664,66
392,0.13667,5650
393,0.136677,66
394,0.136908,27986
395,0.136916,66
396,0.137146,27986
397,0.137154,66
398,0.137408,2858
399,0.137412,66
400,0.137408,27986
401,0.137633,66
402,0.137646,27986
403,0.137676,66
404,0.137899,8442
405,0.137904,66
406,0.137899,21006
407,0.137921,66
408,0.138147,29382
409,0.138165,66
410,0.138396,14026
411,0.138404,66
412,0.138418,18214
413,0.138463,66
414,0.138649,26590
415,0.13867,66
416,0.138894,19610
417,0.138901,66
418,0.138911,11234
419,0.138924,66
420,0.139151,29382
421,0.139161,66
422,0.139408,23798
423,0.139415,66
424,0.139423,7046
425,0.139652,27986
426,0.139671,66
427,0.139905,29382
428,0.139918,66
429,0.139921,1462
430,0.140155,27986
431,0.140167,66
432,0.14042,30778
433,0.140465,66
434,0.140658,4254
435,0.140664,66
436,0.140658,23798
437,0.140686,66
438,0.140911,30778
439,0.140942,66
440,0.141161,9838
441,0.141168,66
442,0.141161,19610
443,0.141188,66
444,0.141406,27986
445,0.141434,66
446,0.141651,16818
447,0.141657,66
448,0.14167,14026
449,0.141677,66
450,0.141913,29382
451,0.141945,66
452,0.142155,21006
453,0.142163,66
454,0.142175,9838
455,0.142212,66
456,0.142412,27986
457,0.142435,66
458,0.14266,26590
459,0.14267,66
460,0.142677,4254
461,0.142684,66
462,0.14291,27986
463,0.142918,66
464,0.14316,29382
465,0.143181,66
466,0.143416,2858
467,0.14342,66
468,0.143416,26590
469,0.143437,66
470,0.143673,30778
471,0.143695,66
472,0.143911,7046
473,0.143917,66
474,0.143911,21006
475,0.143936,66
476,0.144163,29382
477,0.144194,66
478,0.144417,14026
479,0.144428,66
480,0.144446,19610
481,0.144476,66
482,0.144689,27986
483,0.144721,66
484,0.144917,16818
485,0.144933,66
486,0.144948,14026
487,0.144954,66
488,0.145181,27986
489,0.145218,66
490,0.145417,22402
491,0.145424,66
492,0.145434,7046
493,0.145455,66
494,0.145663,26590
495,0.145684,66
496,0.145914,29382
497,0.145936,66
498,0.146163,1462
499,0.146163,27986
500,0.146184,66
501,0.146416,30778
502,0.146444,66
503,0.146669,5650
504,0.146675,66
505,0.146669,23798
506,0.14669,66
507,0.146919,29382
508,0.146942,66
509,0.147157,11234
510,0.147163,66
511,0.147177,19610
512,0.147193,66
513,0.147418,27986
514,0.147441,66
515,0.147661,16818
516,0.147674,66
517,0.147698,15422
518,0.147707,66
519,0.147921,26590
520,0.147956,66
521,0.148164,22402
522,0.148175,66
523,0.148187,9838
524,0.148208,66
525,0.14842,26590
526,0.148449,66
527,0.148668,27986
528,0.148684,2858
529,0.148694,66
530,0.148926,27986
531,0.148941,66
532,0.149171,29382
533,0.149191,66
534,0.149419,4254
535,0.149424,66
536,0.149419,25194
537,0.149439,66
538,0.149669,29382
539,0.149693,66
540,0.149921,9838
541,0.149924,66
542,0.149921,19610
543,0.149939,66
544,0.15017,29382
545,0.15019,66
546,0.150412,15422
547,0.150418,66
548,0.150429,15422
549,0.150435,66
550,0.150673,29382
551,0.150695,66
552,0.150917,19610
553,0.150923,66
554,0.150936,11234
555,0.150953,66
556,0.151171,27986
557,0.15119,66
558,0.151422,25194
559,0.151428,66
560,0.151431,5650
561,0.151454,66
562,0.151673,27986
563,0.151679,66
564,0.151923,29382
565,0.151943,66
566,0.152175,1462
567,0.152175,27986
568,0.152191,66
569,0.152422,29382
570,0.152455,66
571,0.152673,7046
572,0.152676,66
573,0.152673,22402
574,0.152695,66
575,0.152925,29382
576,0.152946,66
577,0.153167,12630
578,0.153173,66
579,0.153185,18214
580,0.153202,66
581,0.153423,27986
582,0.153443,66
583,0.153668,18214
584,0.153673,66
585,0.153682,12630
586,0.153702,66
587,0.153925,27986
588,0.153945,66
589,0.154175,23798
590,0.154181,66
591,0.154187,7046
592,0.154196,66
593,0.154427,29382
594,0.154433,66
595,0.154677,27986
596,0.154683,66
597,0.154686,1462
598,0.154929,29382
599,0.15495,66
600,0.155185,29382
601,0.155196,66
602,0.155428,4254
603,0.15543,66
604,0.155428,25194
605,0.155457,66
606,0.155687,30778
607,0.155754,66
608,0.155951,8442
609,0.155971,66
610,0.155952,22402
611,0.156011,66
612,0.156201,27986
613,0.156278,66
614,0.156433,14026
615,0.156452,66
616,0.156487,21006
617,0.156617,66
618,0.156691,23798
619,0.156745,66
620,0.156927,19610
621,0.156935,66
622,0.156947,11234
623,0.156971,66
624,0.157197,27986
625,0.157225,66
626,0.15743,25194
627,0.15744,66
628,0.157449,5650
629,0.157457,66
630,0.157685,27986
631,0.157694,66
632,0.157936,29382
633,0.157962,66
634,0.158191,1462
635,0.158191,27986
636,0.158211,66
637,0.158452,30778
638,0.158487,66
639,0.158697,5650
640,0.158705,66
641,0.158697,23798
642,0.15873,66
643,0.158941,27986
644,0.158966,66
645,0.159191,12630
646,0.159203,66
647,0.159224,21006
648,0.159313,66
649,0.159457,27986
650,0.159515,66
651,0.159684,15422
652,0.159695,66
653,0.15971,14026
654,0.159718,66
655,0.15994,26590
656,0.159968,66
657,0.16019,23798
658,0.160201,66
659,0.16021,8442
660,0.160245,66
661,0.160446,27986
662,0.160477,66
663,0.160694,27986
664,0.160708,66
665,0.160716,4254
666,0.160729,66
667,0.160944,22912
668,0.160958,66
669,0.169205,2280
670,0.170482,78
671,0.170482,66
672,0.171393,29382
673,0.171476,66
674,0.171498,12630
675,0.171514,66
676,0.171753,22402
677,0.171768,9838
678,0.172001,26590
679,0.172258,27986
680,0.172277,4462
681,0.172536,66
682,0.194003,2369
683,0.195262,66
684,0.19714,29382
685,0.197196,66
686,0.197226,9838
687,0.19724,66
688,0.197512,25194
689,0.197535,11234
690,0.197747,25194
691,0.197984,27986
692,0.197994,1462
693,0.198233,27986
694,0.198359,66
695,0.198501,32174
696,0.198516,66
697,0.198735,2858
698,0.19874,66
699,0.198735,25194
700,0.198875,66
701,0.198995,30778
702,0.199008,66
703,0.199248,8442
704,0.199255,66
705,0.199248,19610
706,0.199287,66
707,0.199481,19610
708,0.199487,66
709,0.199499,11234
710,0.199509,66
711,0.199734,14026
712,0.199749,66
713,0.19976,16818
714,0.199814,66
715,0.199987,26590
716,0.200005,66
717,0.200233,21006
718,0.200245,66
719,0.200273,12630
720,0.200306,66
721,0.2005,26590
722,0.200508,66
723,0.200738,25194
724,0.200747,66
725,0.200753,4254
726,0.200774,66
727,0.200998,29382
728,0.201007,66
729,0.201252,30778
730,0.201272,66
731,0.20151,29382
732,0.201519,66
733,0.201748,27986
734,0.201756,66
735,0.20199,7046
736,0.201994,66
737,0.20199,22402
738,0.202011,66
739,0.202241,29382
740,0.202263,66
741,0.202484,12630
742,0.202489,66
743,0.202498,16818
744,0.202543,66
745,0.202745,29382
746,0.202766,66
747,0.202985,18214
748,0.202991,66
749,0.203001,12630
750,0.203027,66
751,0.203241,27986
752,0.203261,66
753,0.203513,23798
754,0.20352,66
755,0.203526,9838
756,0.203536,66
757,0.203773,27986
758,0.203785,66
759,0.203993,26590
760,0.204001,66
761,0.204005,1462
762,0.204252,29382
763,0.204305,66
764,0.204497,27986
765,0.204504,66
766,0.204761,5650
767,0.204764,66
768,0.204761,26590
769,0.204783,66
770,0.205024,30778
771,0.205054,66
772,0.205243,7046
773,0.205247,66
774,0.205243,18214
775,0.205257,66
776,0.205494,29382
777,0.205511,66
778,0.205743,16818
779,0.205751,66
780,0.205764,15422
781,0.205768,66
782,0.205998,27986
783,0.206021,66
784,0.206243,21006
785,0.206253,66
786,0.206266,9838
787,0.206304,66
788,0.206499,27986
789,0.206519,66
790,0.206749,26590
791,0.206758,66
792,0.206764,4254
793,0.206774,66
794,0.206999,27986
795,0.207008,66
796,0.207252,29382
797,0.207273,66
798,0.207501,2858
799,0.207507,66
800,0.207501,26590
801,0.207529,66
802,0.207758,30778
803,0.207787,66
804,0.208013,7046
805,0.208019,66
806,0.208013,22402
807,0.208041,66
808,0.208266,29382
809,0.208291,66
810,0.208495,12630
811,0.208502,66
812,0.208514,16818
813,0.208537,66
814,0.208759,29382
815,0.208784,66
816,0.208997,18214
817,0.209004,66
818,0.209015,11234
819,0.209038,66
820,0.209262,29382
821,0.209284,66
822,0.209504,23798
823,0.209516,66
824,0.209524,7046
825,0.209534,66
826,0.209755,27986
827,0.209764,66
828,0.210005,29382
829,0.210019,1462
830,0.21003,66
831,0.210266,29382
832,0.210281,66
833,0.21051,27986
834,0.21052,66
835,0.21076,5650
836,0.210765,66
837,0.21076,23798
838,0.210782,66
839,0.21101,29382
840,0.211035,66
841,0.21125,11234
842,0.211256,66
843,0.211269,19610
844,0.211289,66
845,0.211519,29382
846,0.211545,66
847,0.211754,15422
848,0.211764,66
849,0.211782,15422
850,0.211791,66
851,0.212018,27986
852,0.212045,66
853,0.212269,21006
854,0.212276,66
855,0.212286,9838
856,0.212311,66
857,0.212509,26590
858,0.21253,66
859,0.212758,27986
860,0.212769,2858
861,0.212779,66
862,0.213012,29382
863,0.213022,66
864,0.213264,29382
865,0.213273,66
866,0.213512,2858
867,0.213515,66
868,0.213512,26590
869,0.213539,66
870,0.213775,30778
871,0.213803,66
872,0.214012,7046
873,0.214018,66
874,0.214012,21006
875,0.21404,66
876,0.214265,29382
877,0.214304,66
878,0.214505,14026
879,0.214511,66
880,0.214524,16818
881,0.214542,66
882,0.214763,27986
883,0.21478,66
884,0.215007,19610
885,0.215013,66
886,0.215022,11234
887,0.215058,66
888,0.215266,27986
889,0.215288,66
890,0.215511,25194
891,0.215518,66
892,0.215522,5650
893,0.215546,66
894,0.215771,29382
895,0.215784,66
896,0.216013,27986
897,0.216021,66
898,0.216276,1462
899,0.216276,29382
900,0.216308,66
901,0.216514,27986
902,0.216523,66
903,0.216764,7046
904,0.216766,66
905,0.216764,22402
906,0.216781,66
907,0.217015,29382
908,0.217034,66
909,0.217258,12630
910,0.217261,66
911,0.217273,18214
912,0.217287,66
913,0.217517,29382
914,0.217535,66
915,0.21776,16818
916,0.217764,66
917,0.217772,12630
918,0.217778,66
919,0.218025,29382
920,0.218047,66
921,0.218263,22402
922,0.218269,66
923,0.218279,8442
924,0.218296,66
925,0.218517,27986
926,0.218536,66
927,0.218769,27986
928,0.218778,66
929,0.218781,2858
930,0.218793,66
931,0.219016,27986
932,0.219023,66
933,0.219268,29382
934,0.219288,66
935,0.219522,4254
936,0.219525,66
937,0.219522,25194
938,0.21954,66
939,0.219777,30778
940,0.219818,66
941,0.220027,8442
942,0.220033,66
943,0.220027,21006
944,0.220057,66
945,0.220296,30778
946,0.220332,66
947,0.220524,12630
948,0.220529,66
949,0.22054,16818
950,0.220555,66
951,0.220774,27986
952,0.220793,66
953,0.221016,19610
954,0.221023,66
955,0.221031,9838
956,0.221049,66
957,0.221276,29382
958,0.221296,66
959,0.22152,25194
960,0.221527,66
961,0.221531,4254
962,0.221555,66
963,0.221774,29382
964,0.22178,66
965,0.222025,29382
966,0.222032,66
967,0.222275,1462
968,0.222275,27986
969,0.2223,66
970,0.222537,30778
971,0.22256,66
972,0.222775,5650
973,0.22278,66
974,0.222775,22402
975,0.222794,66
976,0.223028,29382
977,0.223045,66
978,0.223269,12630
979,0.223274,66
980,0.223285,18214
981,0.223297,66
982,0.223525,27986
983,0.223553,66
984,0.22377,18214
985,0.223774,66
986,0.223784,12630
987,0.223796,66
988,0.224026,27986
989,0.224033,66
990,0.224278,23798
991,0.224285,66
992,0.224289,7046
993,0.224305,66
994,0.224536,29382
995,0.224545,66
996,0.224777,27986
997,0.224784,66
998,0.224789,1462
999,0.225028,29382
1000,0.225045,66
1001,0.225279,29382
1002,0.225287,66
1003,0.225529,4254
1004,0.225532,66
1005,0.225529,25194
1006,0.225544,66
1007,0.22578,29382
1008,0.225812,66
1009,0.22603,9838
1010,0.226034,66
1011,0.22603,19610
1012,0.226061,66
1013,0.226281,29382
1014,0.226298,66
1015,0.226525,15422
1016,0.22653,66
1017,0.226541,15422
1018,0.226549,66
1019,0.226788,27986
1020,0.226809,66
1021,0.227027,21006
1022,0.227035,66
1023,0.227045,9838
1024,0.227058,66
1025,0.227292,29382
1026,0.22731,66
1027,0.227535,25194
1028,0.227544,66
1029,0.227561,5650
1030,0.227568,66
1031,0.22779,27986
1032,0.227801,66
1033,0.228033,27986
1034,0.228041,66
1035,0.228286,2858
1036,0.228289,66
1037,0.228286,26590
1038,0.228308,66
1039,0.228535,30778
1040,0.228553,66
1041,0.228789,7046
1042,0.228793,66
1043,0.228789,22402
1044,0.228815,66
1045,0.229043,29382
1046,0.229068,66
1047,0.22928,12630
1048,0.229285,66
1049,0.229294,16818
1050,0.229307,66
1051,0.229537,29382
1052,0.229553,66
1053,0.229783,18214
1054,0.22979,66
1055,0.229799,12630
1056,0.229814,66
1057,0.230039,27986
1058,0.230046,66
1059,0.230286,23798
1060,0.230293,66
1061,0.230298,7046
1062,0.230314,66
1063,0.230539,27986
1064,0.230546,66
1065,0.230787,29382
1066,0.230796,1462
1067,0.230806,66
1068,0.23104,27986
1069,0.231049,66
1070,0.231289,29382
1071,0.231313,66
1072,0.23155,5650
1073,0.231553,66
1074,0.23155,25194
1075,0.231572,66
1076,0.23179,27986
1077,0.231806,66
1078,0.232034,11234
1079,0.232038,66
1080,0.232048,19610
1081,0.23206,66
1082,0.2323,29382
1083,0.232322,66
1084,0.232545,15422
1085,0.23255,66
1086,0.232559,15422
1087,0.232573,66
1088,0.232787,11744
1089,0.232791,66
1090,0.24541,2281
1091,0.246688,66
1092,0.255337,29382
1093,0.255392,66
1094,0.255425,9838
1095,0.255437,66
1096,0.255688,25194
1097,0.255716,9838
1098,0.255946,26590
1099,0.256181,27986
1100,0.256191,1462
1101,0.256432,27986
1102,0.256536,66
1103,0.256683,29382
1104,0.256692,66
1105,0.256967,5650
1106,0.256973,66
1107,0.256967,29382
1108,0.257048,66
1109,0.257176,7071
1110,0.25719,66
1111,0.262214,2370
1112,0.263489,78
1113,0.26349,66
1114,0.268069,29382
1115,0.268114,66
1116,0.26815,11234
1117,0.268155,66
1118,0.268427,23798
1119,0.268455,11234
1120,0.268668,25194
1121,0.268913,27986
1122,0.268924,2858
1123,0.269069,66
1124,0.269165,27986
1125,0.269178,66
1126,0.269412,29382
1127,0.269423,66
1128,0.269667,4254
1129,0.269667,26590
1130,0.269704,66
1131,0.269919,29382
1132,0.269981,66
1133,0.270171,8442
1134,0.270179,66
1135,0.270171,21006
1136,0.270224,66
1137,0.270405,16818
1138,0.270413,66
1139,0.270427,14026
1140,0.270456,66
1141,0.27066,12630
1142,0.270669,66
1143,0.27069,18214
1144,0.270719,66
1145,0.270915,26590
1146,0.270936,66
1147,0.271156,19610
1148,0.271163,66
1149,0.271173,11234
1150,0.271188,66
1151,0.271414,27986
1152,0.271423,66
1153,0.271662,25194
1154,0.271669,66
1155,0.271676,5650
1156,0.271688,66
1157,0.271925,29382
1158,0.271934,66
1159,0.272164,27986
1160,0.272173,66
1161,0.27243,1462
1162,0.27243,29382
1163,0.272481,66
1164,0.272678,29382
1165,0.272706,66
1166,0.272952,5650
1167,0.27297,66
1168,0.272953,26590
1169,0.2732,29382
1170,0.27332,66
1171,0.273448,8442
1172,0.273448,21006
1173,0.273552,66
1174,0.27368,27986
1175,0.273788,66
1176,0.273914,15422
1177,0.273924,66
1178,0.273948,15422
1179,0.273986,66
1180,0.274179,27986
1181,0.274354,66
1182,0.274419,21006
1183,0.274442,9838
1184,0.274502,66
1185,0.274683,27986
1186,0.27471,66
1187,0.274947,26590
1188,0.274971,66
1189,0.274991,8442
1190,0.275072,66
1191,0.275195,25194
1192,0.275438,27986
1193,0.275633,66
1194,0.275687,2858
1195,0.275687,26590
1196,0.275721,66
1197,0.275956,30778
1198,0.276021,66
1199,0.2762,7046
1200,0.276216,66
1201,0.2762,22402
1202,0.276423,66
1203,0.276429,27986
1204,0.276448,66
1205,0.276677,14026
1206,0.276684,66
1207,0.276695,16818
1208,0.276728,66
1209,0.276934,27986
1210,0.276957,66
1211,0.277165,19610
1212,0.277172,66
1213,0.277181,9838
1214,0.277207,66
1215,0.277422,27986
1216,0.277442,66
1217,0.277669,26590
1218,0.277677,66
1219,0.277681,4254
1220,0.277702,66
1221,0.277922,29382
1222,0.277931,66
1223,0.278176,29382
1224,0.278184,66
1225,0.278423,1462
1226,0.278423,27986
1227,0.278439,66
1228,0.278675,29382
1229,0.278707,66
1230,0.278925,7046
1231,0.278929,66
1232,0.278925,22402
1233,0.278962,66
1234,0.279187,30778
1235,0.27921,66
1236,0.279418,11234
1237,0.279424,66
1238,0.27944,18214
1239,0.279451,66
1240,0.279677,27986
1241,0.279695,66
1242,0.27992,18214
1243,0.279926,66
1244,0.279935,12630
1245,0.27996,66
1246,0.280178,27986
1247,0.280197,66
1248,0.280425,23798
1249,0.280432,66
1250,0.280436,7046
1251,0.280457,66
1252,0.280676,27986
1253,0.280684,66
1254,0.280926,29382
1255,0.280934,1462
1256,0.280955,66
1257,0.281187,29382
1258,0.281199,66
1259,0.281427,27986
1260,0.281435,66
1261,0.281679,5650
1262,0.281683,66
1263,0.281679,25194
1264,0.281696,66
1265,0.28193,29382
1266,0.281948,66
1267,0.282181,9838
1268,0.282185,66
1269,0.282181,19610
1270,0.282199,66
1271,0.282431,29382
1272,0.282449,66
1273,0.282683,15422
1274,0.282689,66
1275,0.2827,15422
1276,0.282704,66
1277,0.282931,27986
1278,0.282949,66
1279,0.283175,21006
1280,0.283181,66
1281,0.283193,9838
1282,0.283215,66
1283,0.283438,27986
1284,0.283474,66
1285,0.283683,26590
1286,0.283691,66
1287,0.283696,4254
1288,0.28371,66
1289,0.283935,27986
1290,0.283945,66
1291,0.284185,29382
1292,0.284204,66
1293,0.284446,2858
1294,0.28445,66
1295,0.284446,27986
1296,0.284464,66
1297,0.284683,27986
1298,0.28469,66
1299,0.284942,8442
1300,0.284948,66
1301,0.284942,22402
1302,0.284974,66
1303,0.285194,29382
1304,0.285228,66
1305,0.285431,12630
1306,0.285438,66
1307,0.285456,18214
1308,0.285494,66
1309,0.285706,29382
1310,0.28574,66
1311,0.285933,16818
1312,0.285942,66
1313,0.285956,12630
1314,0.286031,66
1315,0.286195,27986
1316,0.286233,66
1317,0.286439,23798
1318,0.286448,66
1319,0.28646,7046
1320,0.286475,66
1321,0.286693,27986
1322,0.286702,66
1323,0.286941,29382
1324,0.286954,1462
1325,0.286968,66
1326,0.287194,27986
1327,0.287204,66
1328,0.28746,30778
1329,0.28749,66
1330,0.287694,4254
1331,0.2877,66
1332,0.287694,23798
1333,0.287723,66
1334,0.287958,32174
1335,0.287992,66
1336,0.288195,8442
1337,0.288202,66
1338,0.288195,19610
1339,0.288224,66
1340,0.288457,29382
1341,0.288481,66
1342,0.288694,15422
1343,0.288701,66
1344,0.288714,15422
1345,0.288719,66
1346,0.288949,27986
1347,0.288974,66
1348,0.289197,21006
1349,0.289205,66
1350,0.289216,11234
1351,0.289243,66
1352,0.289443,26590
1353,0.289467,66
1354,0.289695,26590
1355,0.289703,66
1356,0.28971,4254
1357,0.289737,66
1358,0.289958,29382
1359,0.289986,66
1360,0.290195,27986
1361,0.290205,66
1362,0.290447,2858
1363,0.290451,66
1364,0.290447,26590
1365,0.290472,66
1366,0.290699,29382
1367,0.290725,66
1368,0.290947,8442
1369,0.290952,66
1370,0.290947,21006
1371,0.290973,66
1372,0.291197,29382
1373,0.291227,66
1374,0.291441,14026
1375,0.291447,66
1376,0.291458,16818
1377,0.291473,66
1378,0.291712,29382
1379,0.291751,66
1380,0.291946,18214
1381,0.291958,66
1382,0.291973,12630
1383,0.292027,66
1384,0.29221,27986
1385,0.292252,66
1386,0.292458,23798
1387,0.292467,66
1388,0.292475,8442
1389,0.292485,66
1390,0.292713,26590
1391,0.292721,66
1392,0.29296,29382
1393,0.292972,1462
1394,0.292984,66
1395,0.293201,27986
1396,0.293212,66
1397,0.293452,29382
1398,0.293475,66
1399,0.293705,5650
1400,0.29371,66
1401,0.293705,23798
1402,0.293727,66
1403,0.293953,29382
1404,0.293977,66
1405,0.294195,11234
1406,0.294205,66
1407,0.294218,19610
1408,0.294235,66
1409,0.294465,29382
1410,0.294493,66
1411,0.294698,15422
1412,0.294706,66
1413,0.29472,14026
1414,0.294724,66
1415,0.294956,27986
1416,0.29498,66
1417,0.295199,22402
1418,0.295208,66
1419,0.295221,8442
1420,0.295242,66
1421,0.295455,27986
1422,0.295492,66
1423,0.295706,27986
1424,0.295716,66
1425,0.295724,4254
1426,0.295733,66
1427,0.295958,26590
1428,0.295984,66
1429,0.296208,30778
1430,0.296232,66
1431,0.296468,2858
1432,0.296473,66
1433,0.296468,26590
1434,0.296507,66
1435,0.296721,30778
1436,0.296749,66
1437,0.29696,7046
1438,0.296966,66
1439,0.29696,21006
1440,0.296991,66
1441,0.297209,29382
1442,0.297235,66
1443,0.29745,14026
1444,0.297457,66
1445,0.297469,16818
1446,0.297491,66
1447,0.297709,27986
1448,0.297732,66
1449,0.297952,19610
1450,0.297958,66
1451,0.297972,11234
1452,0.297993,66
1453,0.29821,27986
1454,0.298232,66
1455,0.298459,25194
1456,0.298467,66
1457,0.298472,5650
1458,0.298484,66
1459,0.298722,29382
1460,0.298736,66
1461,0.298965,27986
1462,0.298974,66
1463,0.299212,1462
1464,0.299212,27986
1465,0.299231,66
1466,0.299462,29382
1467,0.299488,66
1468,0.299711,7046
1469,0.299716,66
1470,0.299711,22402
1471,0.299747,66
1472,0.299968,30778
1473,0.299992,66
1474,0.300204,11234
1475,0.300209,66
1476,0.300222,18214
1477,0.300231,66
1478,0.300474,29382
1479,0.300511,66
1480,0.300717,16818
1481,0.300724,66
1482,0.300735,14026
1483,0.300743,66
1484,0.300983,29382
1485,0.30101,66
1486,0.301208,21006
1487,0.301216,66
1488,0.301227,8442
1489,0.301251,66
1490,0.301466,27986
1491,0.301489,66
1492,0.301716,27986
1493,0.301725,66
1494,0.30173,2858
1495,0.301741,66
1496,0.301967,27986
1497,0.301976,66
1498,0.302221,29382
1499,0.302244,66
1500,0.302467,4254
1501,0.302472,66
1502,0.302468,25194
1503,0.302488,66
1504,0.302719,29382
1505,0.302742,66
1506,0.302968,9838
1507,0.302973,66
1508,0.302968,19610
1509,0.30299,66
1510,0.303236,30778
1511,0.303264,66
1512,0.303461,14026
1513,0.303468,66
1514,0.303479,15422
1515,0.303498,66
1516,0.303712,11744
1517,0.303717,66
1518,0.313652,2370
1519,0.314764,66
1520,0.325381,9838
1521,0.325462,9838
1522,0.325474,66
1523,0.325493,66
1524,0.325748,33570
1525,0.325948,11234
1526,0.325968,14026
1527,0.32621,29382
1528,0.326446,66
1529,0.326454,21006
1530,0.326471,66
1531,0.326479,9838
1532,0.326491,66
1533,0.326715,29382
1534,0.326733,66
1535,0.326966,25194
1536,0.326977,66
1537,0.326985,5650
1538,0.327073,66
1539,0.327206,26590
1540,0.327214,66
1541,0.327458,29382
1542,0.327486,66
1543,0.327708,2858
1544,0.327713,66
1545,0.327708,26590
1546,0.327733,66
1547,0.327951,14026
1548,0.327957,66
1549,0.327976,18214
1550,0.328014,66
1551,0.32822,5650
1552,0.328226,66
1553,0.32822,23798
1554,0.32827,66
1555,0.32846,27986
1556,0.328502,66
1557,0.328701,12630
1558,0.328707,66
1559,0.32872,18214
1560,0.328744,66
1561,0.328969,29382
1562,0.328991,66
1563,0.329203,16818
1564,0.32921,66
1565,0.329219,12630
1566,0.329223,66
1567,0.32946,27986
1568,0.32948,66
1569,0.329706,23798
1570,0.329713,66
1571,0.329717,7046
1572,0.329726,66
1573,0.329961,27986
1574,0.329968,66
1575,0.330216,29382
1576,0.330228,2858
1577,0.330236,66
1578,0.330458,26590
1579,0.330465,66
1580,0.33071,29382
1581,0.330729,66
1582,0.330964,5650
1583,0.330967,66
1584,0.330964,25194
1585,0.331001,66
1586,0.331244,32174
1587,0.331289,66
1588,0.331474,7046
1589,0.331483,66
1590,0.331475,21006
1591,0.331529,66
1592,0.331728,29382
1593,0.331875,66
1594,0.331968,14026
1595,0.331985,66
1596,0.332024,19610
1597,0.332124,66
1598,0.332226,25194
1599,0.33248,19610
1600,0.332507,14026
1601,0.332516,66
1602,0.332596,66
1603,0.33274,26590
1604,0.332755,66
1605,0.332975,23798
1606,0.332989,66
1607,0.333002,7046
1608,0.333243,27986
1609,0.333261,66
1610,0.333319,66
1611,0.333487,29382
1612,0.333511,2858
1613,0.333525,66
1614,0.333727,25194
1615,0.333743,66
1616,0.333975,29382
1617,0.334094,66
1618,0.334232,7046
1619,0.334238,66
1620,0.334232,22402
1621,0.334455,66
1622,0.334479,29382
1623,0.334513,66
1624,0.334714,12630
1625,0.33472,66
1626,0.334731,18214
1627,0.334758,66
1628,0.334981,29382
1629,0.335004,66
1630,0.335212,16818
1631,0.335218,66
1632,0.335231,12630
1633,0.335239,66
1634,0.33548,29382
1635,0.335506,66
1636,0.335714,22402
1637,0.335722,66
1638,0.335733,7046
1639,0.335776,66
1640,0.33597,27986
1641,0.33599,66
1642,0.336221,29382
1643,0.336232,1462
1644,0.336248,66
1645,0.336471,27986
1646,0.336481,66
1647,0.336722,29382
1648,0.336742,66
1649,0.336974,5650
1650,0.336979,66
1651,0.336974,23798
1652,0.336996,66
1653,0.337224,29382
1654,0.337244,66
1655,0.337483,11234
1656,0.337491,66
1657,0.337513,22402
1658,0.337528,66
1659,0.337731,26590
1660,0.337774,66
1661,0.337969,15422
1662,0.337978,66
1663,0.337992,15422
1664,0.338007,66
1665,0.338227,27986
1666,0.33825,66
1667,0.338471,21006
1668,0.338479,66
1669,0.338493,9838
1670,0.338518,66
1671,0.338729,27986
1672,0.33875,66
1673,0.338986,26590
1674,0.338995,66
1675,0.339002,5650
1676,0.339011,66
1677,0.339239,27986
1678,0.339249,66
1679,0.339479,27986
1680,0.339489,66
1681,0.339729,2858
1682,0.339733,66
1683,0.339729,26590
1684,0.339762,66
1685,0.33998,29382
1686,0.340011,66
1687,0.340234,8442
1688,0.340247,66
1689,0.340234,22402
1690,0.340274,66
1691,0.340483,27986
1692,0.340513,66
1693,0.340724,14026
1694,0.340731,66
1695,0.340751,18214
1696,0.340784,66
1697,0.340982,27986
1698,0.341012,66
1699,0.341225,18214
1700,0.341233,66
1701,0.341251,12630
1702,0.341285,66
1703,0.341483,27986
1704,0.341507,66
1705,0.341731,23798
1706,0.34174,66
1707,0.341747,7046
1708,0.341795,66
1709,0.341981,27986
1710,0.342008,66
1711,0.342234,29382
1712,0.342249,1462
1713,0.342259,66
1714,0.342487,27986
1715,0.342497,66
1716,0.342735,29382
1717,0.342756,66
1718,0.342986,5650
1719,0.342991,66
1720,0.342986,23798
1721,0.34301,66
1722,0.343237,29382
1723,0.34326,66
1724,0.343481,11234
1725,0.34349,66
1726,0.343508,21006
1727,0.343525,66
1728,0.343745,27986
1729,0.343771,66
1730,0.34398,15422
1731,0.343988,66
1732,0.344005,15422
1733,0.344014,66
1734,0.344236,26590
1735,0.344308,66
1736,0.344482,22402
1737,0.344491,66
1738,0.344507,9838
1739,0.344536,66
1740,0.344736,26590
1741,0.344775,66
1742,0.344985,27986
1743,0.344995,2858
1744,0.345007,66
1745,0.345239,29382
1746,0.345247,66
1747,0.345489,29382
1748,0.345497,66
1749,0.34574,2858
1750,0.345743,66
1751,0.34574,26590
1752,0.345761,66
1753,0.34599,29382
1754,0.346012,66
1755,0.346239,8442
1756,0.346243,66
1757,0.346239,21006
1758,0.346262,66
1759,0.346493,29382
1760,0.346517,66
1761,0.346733,14026
1762,0.346739,66
1763,0.346755,16818
1764,0.346774,66
1765,0.346994,27986
1766,0.347038,66
1767,0.34724,19610
1768,0.347249,66
1769,0.347261,12630
1770,0.347503,27986
1771,0.347751,23798
1772,0.347764,7046
1773,0.347764,66
1774,0.347791,66
1775,0.347992,26590
1776,0.347999,66
1777,0.348254,30778
1778,0.348268,1462
1779,0.348312,66
1780,0.348504,27986
1781,0.348521,66
1782,0.348754,29382
1783,0.348783,66
1784,0.349011,5650
1785,0.349019,66
1786,0.349011,25194
1787,0.34904,66
1788,0.349255,27986
1789,0.34928,66
1790,0.349498,11234
1791,0.349504,66
1792,0.349519,21006
1793,0.349541,66
1794,0.34976,27986
1795,0.349787,66
1796,0.350002,15422
1797,0.350009,66
1798,0.350022,15422
1799,0.350027,66
1800,0.350259,27986
1801,0.350284,66
1802,0.350501,21006
1803,0.350509,66
1804,0.350521,9838
1805,0.350546,66
1806,0.35075,26590
1807,0.350776,66
1808,0.35101,27986
1809,0.351026,4254
1810,0.351036,66
1811,0.35126,27986
1812,0.351271,66
1813,0.351499,27986
1814,0.351507,66
1815,0.351751,4254
1816,0.351755,66
1817,0.351751,25194
1818,0.351776,66
1819,0.352003,29382
1820,0.352027,66
1821,0.352255,9838
1822,0.352261,66
1823,0.352255,21006
1824,0.352279,66
1825,0.352501,27986
1826,0.352526,66
1827,0.352742,15422
1828,0.352749,66
1829,0.352761,15422
1830,0.352769,66
1831,0.353006,29382
1832,0.353032,66
1833,0.353246,19610
1834,0.353255,66
1835,0.353268,11234
1836,0.353292,66
1837,0.353503,27986
1838,0.353527,66
1839,0.353752,25194
1840,0.35376,66
1841,0.353766,5650
1842,0.353778,66
1843,0.354008,27986
1844,0.354016,66
1845,0.354254,29382
1846,0.354279,66
1847,0.354507,1462
1848,0.354507,27986
1849,0.354527,66
1850,0.354756,29382
1851,0.354783,66
1852,0.355006,7046
1853,0.35501,66
1854,0.355006,22402
1855,0.355038,66
1856,0.355263,30778
1857,0.355292,66
1858,0.355498,11234
1859,0.355506,66
1860,0.355525,19610
1861,0.355551,66
1862,0.355757,26590
1863,0.355781,66
1864,0.355999,18214
1865,0.356006,66
1866,0.356017,12630
1867,0.356038,66
1868,0.356265,29382
1869,0.356288,66
1870,0.356503,22402
1871,0.356513,66
1872,0.356524,8442
1873,0.356547,66
1874,0.356758,27986
1875,0.356784,66
1876,0.357008,27986
1877,0.357016,66
1878,0.357021,2858
1879,0.357033,66
1880,0.35726,27986
1881,0.357271,66
1882,0.357512,29382
1883,0.357544,66
1884,0.357762,4254
1885,0.357768,66
1886,0.357762,25194
1887,0.357793,66
1888,0.358011,29382
1889,0.35804,66
1890,0.358264,9838
1891,0.358271,66
1892,0.358265,19610
1893,0.358296,66
1894,0.358505,9211
1895,0.358511,66
1896,0.366071,2281
1897,0.36733,66
1898,0.368453,32174
1899,0.368496,66
1900,0.368528,8442
1901,0.368535,66
1902,0.368794,23798
1903,0.368808,9838
1904,0.369047,27986
1905,0.369289,26590
1906,0.369305,4254
1907,0.369441,66
1908,0.36954,27986
1909,0.369553,66
1910,0.369788,29382
1911,0.3698,66
1912,0.370042,2858
1913,0.370047,66
1914,0.370042,26590
1915,0.370067,66
1916,0.370284,29382
1917,0.370306,66
1918,0.370536,8442
1919,0.370541,66
1920,0.370536,21006
1921,0.370557,66
1922,0.370784,29382
1923,0.370806,66
1924,0.371027,14026
1925,0.371033,66
1926,0.371047,14026
1927,0.371056,66
1928,0.371061,4254
1929,0.371078,66
1930,0.371284,26590
1931,0.37131,66
1932,0.371539,19610
1933,0.371546,66
1934,0.371564,14026
1935,0.37159,66
1936,0.371784,26590
1937,0.371804,66
1938,0.372033,23798
1939,0.372041,66
1940,0.372048,7046
1941,0.372056,66
1942,0.372285,25778
1943,0.372294,66
1944,0.376436,2370
1945,0.377715,66
1946,0.380118,25194
1947,0.380182,66
1948,0.380213,11234
1949,0.380222,66
1950,0.380471,27986
1951,0.380485,4254
1952,0.380721,27986
1953,0.380973,29382
1954,0.381224,2858
1955,0.381224,27986
1956,0.381416,66
1957,0.381476,29382
1958,0.381721,5380
1959,0.381721,23798
1960,0.381978,29382
1961,0.382211,11234
1962,0.382232,19610
1963,0.382297,66
1964,0.382479,29382
1965,0.382498,66
1966,0.382716,15422
1967,0.382725,66
1968,0.382739,15422
1969,0.382814,66
1970,0.38298,2858
1971,0.382986,66
1972,0.38298,25194
1973,0.382995,66
1974,0.383228,29382
1975,0.383322,66
1976,0.38348,9838
1977,0.383488,66
1978,0.38348,19610
1979,0.38373,29382
1980,0.383966,15422
1981,0.383984,66
1982,0.383987,15422
1983,0.384017,66
1984,0.38423,27986
1985,0.384248,66
1986,0.384468,21006
1987,0.384486,9838
1988,0.384513,66
1989,0.384725,27986
1990,0.384736,66
1991,0.384978,26590
1992,0.384998,5650
1993,0.385228,26590
1994,0.385482,30778
1995,0.385732,1462
1996,0.385732,27986
1997,0.385984,29382
1998,0.386235,7046
1999,0.386235,22402
2000,0.386481,29382
2001,0.386719,12630
2002,0.386739,16818
2003,0.386978,29382
2004,0.387225,18214
2005,0.391999,66
2006,0.392853,29382
2007,0.392877,66
2008,0.393102,29382
2009,0.39335,1462
2010,0.39335,4254
2011,0.39335,23798
2012,0.393387,66
2013,0.393596,29382
2014,0.393608,66
2015,0.393837,11234
2016,0.393857,19610
2017,0.394102,27986
2018,0.394343,16818
2019,0.394361,14026
2020,0.394604,29382
2021,0.394844,21006
2022,0.394864,9838
2023,0.395103,27986
2024,0.395349,26590
2025,0.395366,4254
2026,0.395603,27986
2027,0.395851,29382
2028,0.396106,2858
2029,0.396106,4446
2030,0.396106,22402
2031,0.396169,66
2032,0.396353,29382
2033,0.396371,66
2034,0.396595,12630
2035,0.396607,66
2036,0.396625,19610
2037,0.396868,29382
2038,0.397104,15422
2039,0.39714,15422
2040,0.39736,26590
2041,0.397603,22402
2042,0.397632,9838
2043,0.397867,27986
2044,0.398104,26590
2045,0.398117,1462
2046,0.398357,29382
2047,0.398611,29382
2048,0.398858,4254
2049,0.398858,25194
2050,0.399113,29382
2051,0.399361,9838
2052,0.399361,19610
2053,0.39961,29382
2054,0.39985,15422
2055,0.39987,15422
2056,0.400115,29382
2057,0.400209,66
2058,0.400352,19610
2059,0.400364,66
2060,0.400374,9838
2061,0.40047,66
2062,0.400611,29382
2063,0.400623,66
2064,0.40086,25194
2065,0.401335,66
2066,0.401467,29382
2067,0.401486,66
2068,0.401719,29382
2069,0.401734,66
2070,0.401967,5650
2071,0.401967,23798
2072,0.402214,29382
2073,0.402459,11234
2074,0.402489,21006
2075,0.402628,66
2076,0.402714,26590
2077,0.402725,66
2078,0.402982,16818
2079,0.40299,66
2080,0.403001,16818
2081,0.403184,66
2082,0.403226,25194
2083,0.403247,66
2084,0.403475,22402
2085,0.403501,66
2086,0.403512,9838
2087,0.403664,66
2088,0.403728,22402
2089,0.403738,66
2090,0.403964,25194
2091,0.403973,66
2092,0.404217,7046
2093,0.404222,66
2094,0.404217,21006
2095,0.404358,66
2096,0.404463,19610
2097,0.40447,66
2098,0.404715,23798
2099,0.404724,66
2100,0.40473,7046
2101,0.404742,66
2102,0.404992,30778
2103,0.405001,66
2104,0.405255,26590
2105,0.405264,66
2106,0.405269,7046
2107,0.405359,66
2108,0.405461,15598
2109,0.405467,66
2110,0.405474,8442
2111,0.405483,66
2112,0.405721,29382
2113,0.405744,66
2114,0.405982,26590
2115,0.405998,66
2116,0.406003,5650
2117,0.40604,66
2118,0.40622,26590
2119,0.406232,66
2120,0.406472,29382
2121,0.406501,66
2122,0.406722,2858
2123,0.406726,66
2124,0.406722,26590
2125,0.40674,66
2126,0.40697,29382
2127,0.406987,66
2128,0.40722,8442
2129,0.407224,66
2130,0.40722,21006
2131,0.407235,66
2132,0.407479,27986
2133,0.40751,66
2134,0.407726,15422
2135,0.407734,66
2136,0.40775,16818
2137,0.407773,66
2138,0.407988,27986
2139,0.408227,19610
2140,0.408254,11234
2141,0.408476,66
2142,0.408487,27986
2143,0.408523,66
2144,0.408731,25194
2145,0.408752,5650
2146,0.408759,66
2147,0.408777,66
2148,0.408996,29382
2149,0.409018,66
2150,0.409249,29382
2151,0.409274,66
2152,0.409278,4254
2153,0.409289,66
2154,0.409489,23798
2155,0.409497,66
2156,0.409744,30778
2157,0.409769,66
2158,0.409995,5650
2159,0.41,66
2160,0.409995,23798
2161,0.410018,66
2162,0.410246,29382
2163,0.410268,66
2164,0.410492,11234
2165,0.410497,66
2166,0.410508,19610
2167,0.410537,66
2168,0.410749,27986
2169,0.410769,66
2170,0.410994,16818
2171,0.410999,66
2172,0.41101,14026
2173,0.411042,66
2174,0.411246,27986
2175,0.411484,22402
2176,0.411501,8442
2177,0.411743,27986
2178,0.411989,27986
2179,0.412005,2858
2180,0.412252,27986
2181,0.412302,66
2182,0.412499,29382
2183,0.412515,66
2184,0.412745,4254
2185,0.41275,66
2186,0.412745,25194
2187,0.412989,29382
2188,0.413078,66
2189,0.413251,9838
2190,0.413259,66
2191,0.413251,21006
2192,0.413285,66
2193,0.413499,29382
2194,0.413625,66
2195,0.413737,14026
2196,0.413746,66
2197,0.413764,16818
2198,0.4138,66
2199,0.413999,27986
2200,0.41403,66
2201,0.414238,19610
2202,0.414248,66
2203,0.414265,11234
2204,0.414282,66
2205,0.414499,27986
2206,0.414527,66
2207,0.414749,25194
2208,0.414762,66
2209,0.414769,5650
2210,0.41478,66
2211,0.414999,27986
2212,0.415011,66
2213,0.415253,29382
2214,0.415285,66
2215,0.415505,1462
2216,0.415505,27986
2217,0.415524,66
2218,0.415751,29382
2219,0.415777,66
2220,0.416003,7046
2221,0.41601,66
2222,0.416003,22402
2223,0.416043,66
2224,0.416265,30778
2225,0.416296,66
2226,0.416491,11234
2227,0.4165,66
2228,0.41652,19610
2229,0.416621,66
2230,0.416757,27986
2231,0.41679,66
2232,0.416992,16818
2233,0.417,66
2234,0.417015,12630
2235,0.417024,66
2236,0.417265,29382
2237,0.417296,66
2238,0.417498,22402
2239,0.417511,66
2240,0.417527,8442
2241,0.417549,66
2242,0.417756,27986
2243,0.417784,66
2244,0.418008,27986
2245,0.418025,66
2246,0.418033,4254
2247,0.418043,66
2248,0.418259,26590
2249,0.418272,66
2250,0.418512,29382
2251,0.418549,66
2252,0.418757,4254
2253,0.418763,66
2254,0.418757,25194
2255,0.41879,66
2256,0.419009,29382
2257,0.419039,66
2258,0.419258,9838
2259,0.419265,66
2260,0.419258,19610
2261,0.419284,66
2262,0.419508,29382
2263,0.419539,66
2264,0.419749,15422
2265,0.419758,66
2266,0.419774,15422
2267,0.419779,66
2268,0.420003,27986
2269,0.420027,66
2270,0.420255,21006
2271,0.420263,66
2272,0.420272,9838
2273,0.420282,66
2274,0.420505,27986
2275,0.420514,66
2276,0.420751,26590
2277,0.420759,66
2278,0.420766,4254
2279,0.420778,66
2280,0.421003,27986
2281,0.421012,66
2282,0.421254,29382
2283,0.421277,66
2284,0.421505,2858
2285,0.421509,66
2286,0.421505,26590
2287,0.421529,66
2288,0.421749,21418
2289,0.421755,66
2290,0.4292,2370
2291,0.430523,66
2292,0.43494,34966
2293,0.435011,66
2294,0.435089,18214
2295,0.435343,11234
2296,0.43536,21006
2297,0.435601,27986
2298,0.435834,15422
2299,0.435847,14026
2300,0.435915,66
2301,0.436094,29382
2302,0.436109,66
2303,0.436338,19308
2304,0.436346,66
2305,0.436355,11234
2306,0.436443,66
2307,0.436601,29382
2308,0.436612,66
2309,0.436849,23798
2310,0.436868,66
2311,0.436878,8442
2312,0.436891,66
2313,0.437098,26590
2314,0.43711,66
2315,0.437349,29382
2316,0.437362,1462
2317,0.437372,66
2318,0.437599,27986
2319,0.437611,66
2320,0.437852,29382
2321,0.437877,66
2322,0.438104,5650
2323,0.438111,66
2324,0.438104,23798
2325,0.438128,66
2326,0.438352,30778
2327,0.438373,66
2328,0.438602,9838
2329,0.438609,66
2330,0.438602,19610
2331,0.438622,66
2332,0.438851,29382
2333,0.438872,66
2334,0.439094,15422
2335,0.439101,66
2336,0.439117,15422
2337,0.439123,66
2338,0.439353,27986
2339,0.439374,66
2340,0.439594,21006
2341,0.439603,66
2342,0.439615,9838
2343,0.439627,66
2344,0.439854,27986
2345,0.439865,66
2346,0.440096,26590
2347,0.440104,66
2348,0.44011,2858
2349,0.440117,66
2350,0.440367,30778
2351,0.440413,66
2352,0.440619,29382
2353,0.440634,66
2354,0.440865,1462
2355,0.440865,27986
2356,0.440889,66
2357,0.44111,27986
2358,0.441122,66
2359,0.441356,8442
2360,0.441363,66
2361,0.441357,21006
2362,0.441387,66
2363,0.441609,30778
2364,0.441639,66
2365,0.441847,12630
2366,0.441855,66
2367,0.441871,18214
2368,0.441912,66
2369,0.44211,27986
2370,0.44214,66
2371,0.442349,18214
2372,0.442357,66
2373,0.442375,12630
2374,0.44243,66
2375,0.442609,27986
2376,0.442639,66
2377,0.442858,23798
2378,0.442868,66
2379,0.442875,7046
2380,0.44289,66
2381,0.44311,27986
2382,0.443121,66
2383,0.443366,29382
2384,0.443384,2858
2385,0.443396,66
2386,0.443611,26590
2387,0.443622,66
2388,0.44386,29382
2389,0.44389,66
2390,0.444112,5650
2391,0.444118,66
2392,0.444112,23798
2393,0.444142,66
2394,0.444366,29382
2395,0.444393,66
2396,0.444601,11234
2397,0.444607,66
2398,0.444621,19610
2399,0.444639,66
2400,0.44486,27986
2401,0.444886,66
2402,0.445102,16818
2403,0.445109,66
2404,0.445122,14026
2405,0.445158,66
2406,0.445364,8634
2407,0.445364,19610
2408,0.445387,66
2409,0.445611,29382
2410,0.445637,66
2411,0.445853,15422
2412,0.445861,66
2413,0.445873,15422
2414,0.445907,66
2415,0.446111,27986
2416,0.446137,66
2417,0.446354,21006
2418,0.446362,66
2419,0.446376,9838
2420,0.446406,66
2421,0.446612,27986
2422,0.446638,66
2423,0.446861,26590
2424,0.446874,66
2425,0.44688,5650
2426,0.446893,66
2427,0.447113,26590
2428,0.447123,66
2429,0.447375,30778
2430,0.447414,66
2431,0.447613,1462
2432,0.447613,27986
2433,0.447626,66
2434,0.447864,29382
2435,0.447874,66
2436,0.448118,7046
2437,0.448124,66
2438,0.448118,22402
2439,0.448145,66
2440,0.448365,29382
2441,0.448384,66
2442,0.448605,12630
2443,0.44861,66
2444,0.448621,16818
2445,0.448639,66
2446,0.448863,29382
2447,0.448881,66
2448,0.449115,18214
2449,0.449121,66
2450,0.44913,12630
2451,0.449164,66
2452,0.449364,27986
2453,0.449402,66
2454,0.449613,23798
2455,0.44962,66
2456,0.449626,7046
2457,0.449649,66
2458,0.449865,27986
2459,0.449873,66
2460,0.450115,29382
2461,0.450124,1462
2462,0.450134,66
2463,0.450365,27986
2464,0.450372,66
2465,0.450619,29382
2466,0.450638,66
2467,0.450867,5650
2468,0.450871,66
2469,0.450867,23798
2470,0.450899,66
2471,0.451118,29382
2472,0.451139,66
2473,0.451361,11234
2474,0.451366,66
2475,0.451386,21006
2476,0.451395,66
2477,0.451619,26590
2478,0.451651,66
2479,0.451862,16818
2480,0.451868,66
2481,0.451879,14026
2482,0.451882,66
2483,0.45212,29382
2484,0.452137,66
2485,0.452364,21006
2486,0.45237,66
2487,0.452379,8442
2488,0.452397,66
2489,0.452624,29382
2490,0.452641,66
2491,0.452877,26590
2492,0.452887,66
2493,0.452894,5650
2494,0.45291,66
2495,0.453127,26590
2496,0.453165,66
2497,0.453371,29382
2498,0.453405,66
2499,0.453618,2858
2500,0.453621,66
2501,0.453618,22402
2502,0.453649,66
2503,0.453869,23798
2504,0.453901,66
2505,0.454115,18214
2506,0.454119,66
2507,0.454136,8442
2508,0.454146,66
2509,0.454366,14202
2510,0.45437,66
2511,0.454375,8442
2512,0.454397,66
2513,0.454627,26590
2514,0.454659,66
2515,0.454876,29382
2516,0.454891,66
2517,0.45513,27986
2518,0.455139,66
2519,0.455379,27986
2520,0.455395,66
2521,0.455632,8442
2522,0.455637,66
2523,0.455632,19610
2524,0.455655,66
2525,0.455881,27986
2526,0.455899,66
2527,0.456125,16818
2528,0.456132,66
2529,0.456142,12630
2530,0.456158,66
2531,0.456391,29382
2532,0.456416,66
2533,0.456629,22402
2534,0.456638,66
2535,0.456646,7046
2536,0.456659,66
2537,0.456881,19610
2538,0.45689,66
2539,0.457134,30778
2540,0.457155,66
2541,0.457383,7046
2542,0.457388,66
2543,0.457383,18214
2544,0.457406,66
2545,0.457638,27986
2546,0.457665,66
2547,0.457883,18214
2548,0.457892,66
2549,0.457909,12630
2550,0.457929,66
2551,0.458136,26590
2552,0.458145,66
2553,0.458386,25194
2554,0.458394,66
2555,0.458398,5650
2556,0.458411,66
2557,0.458637,27986
2558,0.458645,66
2559,0.458888,29382
2560,0.458906,66
2561,0.459137,1462
2562,0.459137,27986
2563,0.459154,66
2564,0.459397,30778
2565,0.459421,66
2566,0.459649,5650
2567,0.459654,66
2568,0.459649,23798
2569,0.459673,66
2570,0.459891,27986
2571,0.459917,66
2572,0.460132,12630
2573,0.460139,66
2574,0.460159,19610
2575,0.460176,66
2576,0.46039,26590
2577,0.460423,66
2578,0.460634,18214
2579,0.460641,66
2580,0.46065,12630
2581,0.460667,66
2582,0.460892,27986
2583,0.4609,66
2584,0.46114,23798
2585,0.461148,66
2586,0.461155,8442
2587,0.461173,66
2588,0.461392,27986
2589,0.461401,66
2590,0.461641,27986
2591,0.461649,66
2592,0.461654,2858
2593,0.461662,66
2594,0.461895,27986
2595,0.461904,66
2596,0.462143,29382
2597,0.462163,66
2598,0.462394,4254
2599,0.462399,66
2600,0.462394,25194
2601,0.462412,66
2602,0.462645,29382
2603,0.462664,66
2604,0.462895,9838
2605,0.462902,66
2606,0.462895,19610
2607,0.462915,66
2608,0.463147,29382
2609,0.463166,66
2610,0.463389,15422
2611,0.463396,66
2612,0.463407,15422
2613,0.463411,66
2614,0.463645,27986
2615,0.463675,66
2616,0.463891,21006
2617,0.463898,66
2618,0.463909,9838
2619,0.463926,66
2620,0.464147,27986
2621,0.464166,66
2622,0.464393,26590
2623,0.4644,66
2624,0.464405,4254
2625,0.464423,66
2626,0.464645,27986
2627,0.464654,66
2628,0.464896,29382
2629,0.464913,66
2630,0.465147,2858
2631,0.465151,66
2632,0.465147,26590
2633,0.465165,66
2634,0.465396,29382
2635,0.465414,66
2636,0.465648,8442
2637,0.465653,66
2638,0.465648,22402
2639,0.465664,66
2640,0.465898,29382
2641,0.465915,66
2642,0.466143,12630
2643,0.466148,66
2644,0.466159,18214
2645,0.466179,66
2646,0.466399,27986
2647,0.466415,66
2648,0.466644,18214
2649,0.46665,66
2650,0.466658,12630
2651,0.466671,66
2652,0.466901,27986
2653,0.466918,66
2654,0.467149,23798
2655,0.467157,66
2656,0.467163,7046
2657,0.467168,66
2658,0.4674,27986
2659,0.467408,66
2660,0.467652,29382
2661,0.467662,1462
2662,0.467669,66
2663,0.4679,27986
2664,0.467909,66
2665,0.468151,29382
2666,0.468169,66
2667,0.468404,5650
2668,0.468408,66
2669,0.468404,23798
2670,0.468432,66
2671,0.468653,29382
2672,0.468671,66
2673,0.468897,11234
2674,0.468902,66
2675,0.468912,19610
2676,0.468921,66
2677,0.469152,27986
2678,0.469169,66
2679,0.469398,16818
2680,0.469405,66
2681,0.469416,15422
2682,0.46942,66
2683,0.469655,27986
2684,0.469671,66
2685,0.469901,21006
2686,0.469908,66
2687,0.469917,9838
2688,0.469929,66
2689,0.470156,27986
2690,0.470173,66
2691,0.470405,26590
2692,0.470413,66
2693,0.470419,4254
2694,0.470446,66
2695,0.470663,29382
2696,0.47068,66
2697,0.470901,14470
2698,0.470907,66
2699,0.47923,2370
2700,0.480499,66
2701,0.487997,29382
2702,0.488072,66
2703,0.488079,9838
2704,0.488094,66
2705,0.488341,25194
2706,0.488354,4254
2707,0.488597,27986
2708,0.488844,29382
2709,0.489096,2858
2710,0.489097,27986
2711,0.489302,66
2712,0.489344,29382
2713,0.489503,66
2714,0.489589,5316
2715,0.489596,66
2716,0.489589,22402
2717,0.489678,66
2718,0.48984,29382
2719,0.48985,66
2720,0.490081,12630
2721,0.490087,66
2722,0.490104,19610
2723,0.490118,66
2724,0.490339,26590
2725,0.490372,66
2726,0.490582,18214
2727,0.490589,66
2728,0.490605,8442
2729,0.490605,5650
2730,0.490628,66
2731,0.490845,4254
2732,0.490845,23798
2733,0.490866,66
2734,0.491086,22402
2735,0.491095,66
2736,0.491105,8442
2737,0.491131,66
2738,0.491346,27986
2739,0.491361,66
2740,0.491598,27986
2741,0.491609,66
2742,0.491617,4254
2743,0.491712,66
2744,0.491849,26590
2745,0.491862,66
2746,0.492099,29382
2747,0.492343,4254
2748,0.492343,25194
2749,0.492591,29382
2750,0.492627,66
2751,0.49287,9838
2752,0.492875,66
2753,0.49287,22402
2754,0.493097,26590
2755,0.493351,15422
2756,0.493364,16818
2757,0.493506,66
2758,0.493593,26590
2759,0.493625,66
2760,0.493854,21006
2761,0.493861,66
2762,0.493869,11234
2763,0.49412,29382
2764,0.494348,23798
2765,0.494356,4254
2766,0.494513,66
2767,0.494594,27986
2768,0.494602,66
2769,0.494852,30778
2770,0.494862,66
2771,0.495096,1462
2772,0.495096,27986
2773,0.495106,66
2774,0.495347,29382
2775,0.495355,66
2776,0.495599,7046
2777,0.495603,66
2778,0.495599,22402
2779,0.495619,66
2780,0.495864,30778
2781,0.495885,66
2782,0.496091,11234
2783,0.496096,66
2784,0.496112,18214
2785,0.496129,66
2786,0.496364,29382
2787,0.496386,66
2788,0.496608,16818
2789,0.496614,66
2790,0.496625,14026
2791,0.496631,66
2792,0.49685,26590
2793,0.496869,66
2794,0.497097,23798
2795,0.497104,66
2796,0.49711,7046
2797,0.497122,66
2798,0.49735,27986
2799,0.497358,66
2800,0.497599,29382
2801,0.497609,1462
2802,0.49762,66
2803,0.497851,27986
2804,0.497859,66
2805,0.498102,29382
2806,0.498122,66
2807,0.498358,5650
2808,0.498364,66
2809,0.498358,22594
2810,0.498382,5650
2811,0.4984,66
2812,0.498603,25194
2813,0.498613,66
2814,0.498856,30778
2815,0.498879,66
2816,0.499113,2858
2817,0.499118,66
2818,0.499113,26590
2819,0.499145,66
2820,0.499361,29382
2821,0.499614,8442
2822,0.499614,21006
2823,0.499857,29382
2824,0.500097,14026
2825,0.500111,15422
2826,0.500282,66
2827,0.500365,30778
2828,0.500385,66
2829,0.500606,18214
2830,0.500618,66
2831,0.50063,12630
2832,0.500857,26590
2833,0.501105,25194
2834,0.501115,5650
2835,0.501356,27986
2836,0.501621,30778
2837,0.501642,2858
2838,0.501858,25194
2839,0.50211,29382
2840,0.502362,7046
2841,0.502362,23798
2842,0.502612,29382
2843,0.502852,11234
2844,0.502863,18214
2845,0.503112,29382
2846,0.503355,16818
2847,0.503366,12630
2848,0.503612,29382
2849,0.503855,22402
2850,0.511421,66
2851,0.511682,8442
2852,0.511698,66
2853,0.511927,8442
2854,0.511962,66
2855,0.512678,29382
2856,0.512694,66
2857,0.512919,18214
2858,0.51293,66
2859,0.512945,14026
2860,0.513178,26590
2861,0.513398,66
2862,0.51343,23798
2863,0.513448,8442
2864,0.513454,66
2865,0.513679,27986
2866,0.513691,66
2867,0.513929,27986
2868,0.51394,66
2869,0.51395,2858
2870,0.513962,66
2871,0.514178,27986
2872,0.514191,66
2873,0.514433,29382
2874,0.514464,66
2875,0.514684,4254
2876,0.514684,25194
2877,0.514938,30778
2878,0.515186,8442
2879,0.515186,21006
2880,0.515436,29382
2881,0.515676,14026
2882,0.515696,16818
2883,0.515936,27986
2884,0.516175,19610
2885,0.516194,11234
2886,0.51644,27986
2887,0.516687,25194
2888,0.516707,7046
2889,0.516942,27986
2890,0.517189,29382
2891,0.517207,1462
2892,0.517439,26590
2893,0.517691,30778
2894,0.517939,5650
2895,0.517939,23798
2896,0.518193,29382
2897,0.518427,11234
2898,0.518454,19610
2899,0.51869,27986
2900,0.518933,16818
2901,0.518956,14026
2902,0.519191,27986
2903,0.519434,22402
2904,0.519457,8442
2905,0.519691,27986
2906,0.519885,66
2907,0.51994,27986
2908,0.520109,66
2909,0.521143,30778
2910,0.521166,66
2911,0.521394,29382
2912,0.521416,66
2913,0.521634,4254
2914,0.521634,18047
2915,0.521652,66
2916,0.52168,66
2917,0.543455,2370
2918,0.54473,66
2919,0.547506,36362
2920,0.547607,66
2921,0.547656,18214
2922,0.547901,9838
2923,0.547901,19610
2924,0.548141,27986
2925,0.548385,16818
2926,0.548421,16818
2927,0.548646,26590
2928,0.548784,66
2929,0.548889,21006
2930,0.548901,66
2931,0.548913,9838
2932,0.549091,66
2933,0.549163,29382
2934,0.54918,66
2935,0.549414,25194
2936,0.549427,66
2937,0.549435,7046
2938,0.549472,66
2939,0.549669,27986
2940,0.549682,66
2941,0.54989,26590
2942,0.5499,66
2943,0.550149,2858
2944,0.550154,66
2945,0.550149,27986
2946,0.550189,66
2947,0.550393,27986
2948,0.550408,66
2949,0.550645,8442
2950,0.550651,66
2951,0.550646,22402
2952,0.550666,66
2953,0.550892,27986
2954,0.550912,66
2955,0.551133,14026
2956,0.55114,66
2957,0.551157,18214
2958,0.551174,66
2959,0.551409,29382
2960,0.551431,66
2961,0.551638,16818
2962,0.551645,66
2963,0.551659,12630
2964,0.551665,66
2965,0.551894,27986
2966,0.55192,66
2967,0.552142,23798
2968,0.552153,66
2969,0.552162,7046
2970,0.552187,66
2971,0.552413,29382
2972,0.552438,66
2973,0.552646,27986
2974,0.552658,66
2975,0.552663,1462
2976,0.552911,29382
2977,0.552932,66
2978,0.553146,27986
2979,0.553156,66
2980,0.553397,5650
2981,0.553402,66
2982,0.553397,23798
2983,0.553421,66
2984,0.553648,29382
2985,0.55367,66
2986,0.553888,11234
2987,0.553902,66
2988,0.553928,22402
2989,0.553952,66
2990,0.554147,25194
2991,0.554171,66
2992,0.554391,16818
2993,0.554399,66
2994,0.554414,15422
2995,0.554428,66
2996,0.554648,26590
2997,0.554675,66
2998,0.554892,22402
2999,0.5549,66
3000,0.554919,9838
3001,0.554941,66
3002,0.555149,27986
3003,0.555168,66
3004,0.5554,26590
3005,0.555425,66
3006,0.555433,5650
3007,0.555444,66
3008,0.555676,29382
3009,0.555686,66
3010,0.555901,26590
3011,0.555911,66
3012,0.556151,2858
3013,0.556155,66
3014,0.556151,26590
3015,0.556178,66
3016,0.556406,29382
3017,0.556449,66
3018,0.556662,8442
3019,0.55667,66
3020,0.556662,22402
3021,0.556718,66
3022,0.556918,29382
3023,0.55695,66
3024,0.557152,12630
3025,0.557165,66
3026,0.557187,19610
3027,0.55726,66
3028,0.557411,26590
3029,0.557466,66
3030,0.557647,18214
3031,0.557659,66
3032,0.557672,12630
3033,0.557706,66
3034,0.557915,27986
3035,0.55796,66
3036,0.558175,23798
3037,0.558199,66
3038,0.558217,11234
3039,0.558258,66
3040,0.558425,25194
3041,0.55869,27986
3042,0.55874,8442
3043,0.558927,22402
3044,0.559199,30778
3045,0.559408,2858
3046,0.559408,23798
3047,0.559656,29382
3048,0.559904,66
3049,0.559907,11234
3050,0.559939,21006
3051,0.559965,66
3052,0.560175,27986
3053,0.560227,66
3054,0.56042,1915
3055,0.560427,66
3056,0.56042,27986
3057,0.560695,32174
3058,0.560836,66
3059,0.560912,4254
3060,0.560918,66
3061,0.560912,21006
3062,0.561,66
3063,0.561186,32174
3064,0.561205,66
3065,0.561406,11234
3066,0.56142,66
3067,0.56144,18214
3068,0.561488,66
3069,0.561681,29382
3070,0.561727,66
3071,0.561905,16818
3072,0.561915,66
3073,0.561929,12630
3074,0.56196,66
3075,0.562166,26590
3076,0.5622,66
3077,0.56242,25194
3078,0.562439,66
3079,0.562454,8442
3080,0.562493,66
3081,0.562672,26590
3082,0.562703,66
3083,0.562915,29382
3084,0.562931,1462
3085,0.562947,66
3086,0.563175,27986
3087,0.563192,66
3088,0.563413,27986
3089,0.563441,66
3090,0.563672,7046
3091,0.563675,66
3092,0.563672,23798
3093,0.563746,66
3094,0.563929,29382
3095,0.56396,66
3096,0.564156,11234
3097,0.564163,66
3098,0.564175,18214
3099,0.564199,66
3100,0.564431,30778
3101,0.564468,66
3102,0.564659,15422
3103,0.564667,66
3104,0.564689,15422
3105,0.564699,66
3106,0.564916,26590
3107,0.564956,66
3108,0.56516,22402
3109,0.565171,66
3110,0.565184,8442
3111,0.565212,66
3112,0.565446,30778
3113,0.565475,66
3114,0.565664,25194
3115,0.565671,66
3116,0.565675,2858
3117,0.565696,66
3118,0.565922,27986
3119,0.565936,66
3120,0.566199,33570
3121,0.56623,2858
3122,0.566431,23798
3123,0.566561,66
3124,0.566692,30778
3125,0.56672,66
3126,0.566934,7046
3127,0.566944,66
3128,0.566934,22402
3129,0.566978,66
3130,0.567186,29382
3131,0.567222,66
3132,0.567415,12630
3133,0.567422,66
3134,0.56744,16818
3135,0.567464,66
3136,0.567669,26590
3137,0.567703,66
3138,0.567916,21006
3139,0.567925,66
3140,0.567938,11234
3141,0.56796,66
3142,0.568178,27986
3143,0.568311,66
3144,0.568425,25194
3145,0.568433,66
3146,0.568442,5650
3147,0.56847,66
3148,0.568695,30778
3149,0.568747,66
3150,0.568944,27986
3151,0.568968,66
3152,0.568981,5650
3153,0.569019,66
3154,0.569181,23798
3155,0.569211,66
3156,0.569433,29382
3157,0.569462,66
3158,0.569678,5650
3159,0.569686,66
3160,0.569678,22402
3161,0.569933,30778
3162,0.570087,66
3163,0.570179,11234
3164,0.570185,66
3165,0.570198,19610
3166,0.570248,66
3167,0.570428,26590
3168,0.570473,66
3169,0.570668,18214
3170,0.570674,66
3171,0.570686,12630
3172,0.570699,66
3173,0.570926,27986
3174,0.570945,66
3175,0.571174,23798
3176,0.571184,66
3177,0.571189,7046
3178,0.571195,66
3179,0.571424,27986
3180,0.571432,66
3181,0.571684,29382
3182,0.571704,4254
3183,0.571712,66
3184,0.57174,66
3185,0.571935,26590
3186,0.571972,66
3187,0.572184,29382
3188,0.572347,66
3189,0.572452,4254
3190,0.572457,66
3191,0.572452,27986
3192,0.5725,66
3193,0.572746,33570
3194,0.572799,66
3195,0.572946,2858
3196,0.572954,66
3197,0.572946,21006
3198,0.572991,66
3199,0.573191,29382
3200,0.573225,66
3201,0.573427,14026
3202,0.573439,66
3203,0.573459,16818
3204,0.573479,66
3205,0.573691,27986
3206,0.573717,66
3207,0.573928,19610
3208,0.573939,66
3209,0.573959,11234
3210,0.57398,66
3211,0.574194,27986
3212,0.574439,25194
3213,0.57446,7046
3214,0.574695,26590
3215,0.574811,66
3216,0.574953,30778
3217,0.574981,66
3218,0.574995,4254
3219,0.575027,66
3220,0.575207,25194
3221,0.575237,66
3222,0.575463,30778
3223,0.575648,66
3224,0.575712,4254
3225,0.575728,66
3226,0.575712,23798
3227,0.575783,66
3228,0.575942,27986
3229,0.575967,66
3230,0.576178,12630
3231,0.576189,66
3232,0.576207,19610
3233,0.576315,66
3234,0.57644,26590
3235,0.57647,66
3236,0.576691,18214
3237,0.576711,66
3238,0.576733,15422
3239,0.576954,26590
3240,0.577186,22402
3241,0.57721,8442
3242,0.57738,66
3243,0.57747,30778
3244,0.577485,66
3245,0.577686,25194
3246,0.577695,66
3247,0.577699,1462
3248,0.57794,27986
3249,0.577962,66
3250,0.578193,30778
3251,0.578234,66
3252,0.578443,4254
3253,0.578448,66
3254,0.578443,25194
3255,0.578486,66
3256,0.578699,29382
3257,0.578729,66
3258,0.578953,9838
3259,0.578962,66
3260,0.578953,19610
3261,0.579011,66
3262,0.579206,30778
3263,0.579252,66
3264,0.579435,14026
3265,0.579442,66
3266,0.579461,15422
3267,0.579481,66
3268,0.579717,30778
3269,0.579764,66
3270,0.579942,18214
3271,0.579964,66
3272,0.579988,12630
3273,0.580028,66
3274,0.580199,25194
3275,0.580229,66
3276,0.580455,26590
3277,0.580481,7046
3278,0.580494,66
3279,0.580529,66
3280,0.580699,25194
3281,0.580741,66
3282,0.580952,30778
3283,0.58098,66
3284,0.581195,1462
3285,0.581195,26590
3286,0.581206,66
3287,0.581443,29382
3288,0.581468,66
3289,0.581703,8442
3290,0.58171,66
3291,0.581703,22402
3292,0.581735,66
3293,0.581956,29382
3294,0.581997,66
3295,0.582195,12630
3296,0.582206,66
3297,0.582234,19610
3298,0.58227,66
3299,0.582456,26590
3300,0.582487,66
3301,0.582694,18214
3302,0.582704,66
3303,0.582723,14026
3304,0.582736,66
3305,0.582953,26647
3306,0.582984,66
3307,0.599562,2370
3308,0.600851,66
3309,0.602555,22402
3310,0.602632,66
3311,0.602654,11234
3312,0.602669,66
3313,0.60295,29382
3314,0.603163,1462
3315,0.603163,16818
3316,0.603413,29382
3317,0.603653,66
3318,0.603658,18214
3319,0.60367,5650
3320,0.60373,66
3321,0.6039,22402
3322,0.603931,66
3323,0.604156,27986
3324,0.604168,66
3325,0.604403,8442
3326,0.60441,66
3327,0.604403,14026
3328,0.604434,66
3329,0.604653,25194
3330,0.604719,66
3331,0.604904,25194
3332,0.604913,66
3333,0.604921,7046
3334,0.604932,66
3335,0.605151,26590
3336,0.60516,66
3337,0.605423,30778
3338,0.605435,2858
3339,0.605444,66
3340,0.605652,25194
3341,0.605663,66
3342,0.605912,16818
3343,0.60593,66
3344,0.606164,19610
3345,0.606212,8442
3346,0.606252,66
3347,0.606434,19610
3348,0.606463,66
3349,0.606714,27986
3350,0.606925,8442
3351,0.606925,12630
3352,0.607005,8442
3353,0.607156,16818
3354,0.607416,26590
3355,0.607432,2858
3356,0.607662,21006
3357,0.60791,23798
3358,0.608074,66
3359,0.608155,16818
3360,0.60817,66
3361,0.608181,15422
3362,0.608191,66
3363,0.60842,27986
3364,0.608436,66
3365,0.608659,21006
3366,0.608682,9838
3367,0.608914,26590
3368,0.609168,27986
3369,0.609185,4254
3370,0.609407,15422
3371,0.609532,66
3372,0.6097,26590
3373,0.609754,66
3374,0.609938,18214
3375,0.609971,66
3376,0.610006,12630
3377,0.610198,21006
3378,0.610218,66
3379,0.610273,66
3380,0.610467,30778
3381,0.610536,9838
3382,0.610584,66
3383,0.610697,18214
3384,0.610728,66
3385,0.610969,33570
3386,0.611169,66
3387,0.611209,2858
3388,0.611209,26590
3389,0.611421,66
3390,0.611449,21006
3391,0.611513,66
3392,0.611683,16818
3393,0.611711,66
3394,0.611738,11234
3395,0.611773,66
3396,0.611972,19610
3397,0.612003,66
3398,0.612253,26590
3399,0.612289,66
3400,0.612504,7046
3401,0.612518,66
3402,0.612504,18214
3403,0.612605,66
3404,0.612754,26590
3405,0.612996,19610
3406,0.613029,66
3407,0.613038,12630
3408,0.613074,66
3409,0.613235,23798
3410,0.613248,66
3411,0.613514,27986
3412,0.613552,5650
3413,0.61356,66
3414,0.613598,66
3415,0.613761,18214
3416,0.614008,23798
3417,0.614112,66
3418,0.614251,16818
3419,0.614271,66
3420,0.614311,12630
3421,0.614507,15422
3422,0.614781,32174
3423,0.614826,66
3424,0.615011,4254
3425,0.615022,66
3426,0.615011,16818
3427,0.615069,66
3428,0.615274,27986
3429,0.61532,66
3430,0.615495,19610
3431,0.615511,66
3432,0.615534,11234
3433,0.615559,66
3434,0.61579,25194
3435,0.615846,66
3436,0.616008,26590
3437,0.616037,66
3438,0.616266,1462
3439,0.616266,27986
3440,0.616324,66
3441,0.616513,29382
3442,0.616544,66
3443,0.61676,7046
3444,0.616767,66
3445,0.61676,22402
3446,0.616789,66
3447,0.617004,28407
3448,0.617018,1462
3449,0.617028,66
3450,0.617267,29382
3451,0.617279,66
3452,0.617518,29382
3453,0.617528,66
3454,0.617767,4254
3455,0.617771,66
3456,0.617767,25194
3457,0.617786,66
3458,0.618003,27986
3459,0.61802,66
3460,0.618244,11234
3461,0.618249,66
3462,0.618261,19610
3463,0.618272,66
3464,0.618501,27986
3465,0.618518,66
3466,0.618746,16818
3467,0.618751,66
3468,0.618762,14026
3469,0.618766,66
3470,0.619003,27986
3471,0.619021,66
3472,0.619248,22402
3473,0.619256,66
3474,0.619264,8442
3475,0.619285,66
3476,0.619502,27986
3477,0.619539,66
3478,0.619754,27986
3479,0.619763,66
3480,0.619769,4254
3481,0.619775,66
3482,0.620005,26590
3483,0.620014,66
3484,0.62026,30778
3485,0.620295,66
3486,0.620518,2858
3487,0.620521,66
3488,0.620518,27986
3489,0.620544,66
3490,0.620794,32174
3491,0.620817,66
3492,0.621014,4254
3493,0.621018,66
3494,0.621014,22402
3495,0.621039,66
3496,0.621269,29382
3497,0.621295,66
3498,0.621501,12630
3499,0.621507,66
3500,0.621517,16818
3501,0.621537,66
3502,0.621759,27986
3503,0.621775,66
3504,0.622001,19610
3505,0.622011,66
3506,0.622022,11234
3507,0.622034,66
3508,0.622263,29382
3509,0.622272,66
3510,0.622523,23798
3511,0.622546,66
3512,0.622557,9838
3513,0.622579,66
3514,0.622779,26590
3515,0.622826,66
3516,0.623034,27986
3517,0.623066,5650
3518,0.623076,66
3519,0.623101,66
3520,0.623288,26590
3521,0.623325,66
3522,0.623542,29382
3523,0.623595,66
3524,0.623769,2858
3525,0.623775,66
3526,0.623769,23798
3527,0.623794,66
3528,0.624015,29382
3529,0.624037,66
3530,0.624256,11234
3531,0.624261,66
3532,0.624277,19610
3533,0.624294,66
3534,0.624522,29382
3535,0.624546,66
3536,0.624759,15422
3537,0.624766,66
3538,0.624779,14026
3539,0.624787,66
3540,0.625015,27986
3541,0.625037,66
3542,0.625259,22402
3543,0.625269,66
3544,0.625285,9838
3545,0.625303,66
3546,0.625521,27986
3547,0.625545,66
3548,0.625783,26590
3549,0.625806,66
3550,0.62582,8442
3551,0.62587,66
3552,0.62603,23798
3553,0.626082,66
3554,0.626268,27986
3555,0.626295,66
3556,0.62655,4254
3557,0.62656,66
3558,0.62655,29382
3559,0.626614,66
3560,0.626797,29382
3561,0.626821,66
3562,0.627039,5650
3563,0.627049,66
3564,0.627039,22402
3565,0.62708,66
3566,0.627294,29382
3567,0.62734,66
3568,0.627517,12630
3569,0.62753,66
3570,0.627553,18214
3571,0.627647,66
3572,0.627799,29382
3573,0.627843,66
3574,0.628023,16818
3575,0.62804,66
3576,0.628073,15422
3577,0.628088,66
3578,0.628291,26590
3579,0.628336,66
3580,0.628527,22402
3581,0.628546,66
3582,0.62856,8442
3583,0.628596,66
3584,0.628787,26590
3585,0.628825,66
3586,0.62904,29382
3587,0.629077,4254
3588,0.629083,66
3589,0.629115,66
3590,0.629283,25194
3591,0.629315,66
3592,0.629542,30778
3593,0.629592,66
3594,0.629789,4254
3595,0.629796,66
3596,0.629789,25194
3597,0.629846,66
3598,0.630025,27986
3599,0.630052,66
3600,0.630266,11234
3601,0.630271,66
3602,0.630283,18214
3603,0.630297,66
3604,0.630523,27986
3605,0.630543,66
3606,0.630767,18214
3607,0.630774,66
3608,0.630784,12630
3609,0.630806,66
3610,0.631025,29382
3611,0.631095,66
3612,0.631269,22402
3613,0.631276,66
3614,0.631285,7046
3615,0.631299,66
3616,0.631527,29382
3617,0.631562,66
3618,0.631775,27986
3619,0.631784,66
3620,0.631788,2858
3621,0.631818,66
3622,0.632027,27986
3623,0.632037,66
3624,0.632287,30778
3625,0.632325,66
3626,0.632528,2858
3627,0.632532,66
3628,0.632528,25194
3629,0.63256,66
3630,0.632778,29382
3631,0.632794,66
3632,0.633028,9838
3633,0.633034,66
3634,0.633028,19610
3635,0.633055,66
3636,0.633277,29382
3637,0.633312,66
3638,0.633523,15422
3639,0.633532,66
3640,0.633548,16818
3641,0.633568,66
3642,0.633785,27986
3643,0.633811,66
3644,0.634036,19610
3645,0.634051,66
3646,0.634068,12630
3647,0.634101,66
3648,0.634296,27986
3649,0.634347,66
3650,0.634535,23798
3651,0.634551,66
3652,0.634565,7046
3653,0.634606,66
3654,0.634787,26590
3655,0.634826,66
3656,0.635046,30778
3657,0.635066,1462
3658,0.635082,66
3659,0.635286,26590
3660,0.635299,66
3661,0.63554,29382
3662,0.635568,66
3663,0.635788,7046
3664,0.635793,66
3665,0.635788,22402
3666,0.63581,66
3667,0.636033,29382
3668,0.636053,66
3669,0.636296,12630
3670,0.636301,66
3671,0.636311,19610
3672,0.636327,66
3673,0.636589,33570
3674,0.636613,66
3675,0.636797,11234
3676,0.636801,66
3677,0.63681,14026
3678,0.636834,66
3679,0.637036,26590
3680,0.63706,66
3681,0.637294,23798
3682,0.637301,66
3683,0.637307,8442
3684,0.637317,66
3685,0.637534,26590
3686,0.637541,66
3687,0.637785,29382
3688,0.637796,1462
3689,0.637807,66
3690,0.638034,27986
3691,0.638041,66
3692,0.638286,29382
3693,0.638308,66
3694,0.638538,5650
3695,0.638541,66
3696,0.638538,25194
3697,0.638557,66
3698,0.63879,29382
3699,0.63882,66
3700,0.63904,9838
3701,0.639045,66
3702,0.63904,19610
3703,0.639059,66
3704,0.639327,33570
3705,0.63939,66
3706,0.639541,11234
3707,0.639556,66
3708,0.639617,19610
3709,0.639807,21095
3710,0.639956,66
3711,0.655634,2370
3712,0.656883,66
3713,0.660755,34966
3714,0.66094,66
3715,0.660946,21006
3716,0.661005,66
3717,0.661208,8442
3718,0.661208,22402
3719,0.661456,27986
3720,0.661663,14026
3721,0.661717,14026
3722,0.661973,27986
3723,0.662167,22402
3724,0.662226,8442
3725,0.662463,27986
3726,0.662703,27986
3727,0.662761,5650
3728,0.662927,21006
3729,0.663206,32174
3730,0.663412,66
3731,0.663412,5650
3732,0.663412,5650
3733,0.663471,66
3734,0.664712,30778
3735,0.664736,66
3736,0.664937,26590
3737,0.664951,66
3738,0.665189,1462
3739,0.665189,29382
3740,0.665208,66
3741,0.665437,27986
3742,0.665445,66
3743,0.665689,7046
3744,0.665693,66
3745,0.665689,23798
3746,0.665705,66
3747,0.665943,29382
3748,0.665972,66
3749,0.666181,11234
3750,0.666185,66
3751,0.666194,18214
3752,0.666207,66
3753,0.66644,29382
3754,0.666468,66
3755,0.666683,16818
3756,0.666688,66
3757,0.666699,14026
3758,0.666704,66
3759,0.666943,27986
3760,0.666962,66
3761,0.667189,22402
3762,0.667198,66
3763,0.66721,9838
3764,0.667228,66
3765,0.667455,1462
3766,0.667455,26590
3767,0.667491,66
3768,0.667691,26590
3769,0.667704,66
3770,0.667711,4254
3771,0.66773,66
3772,0.667948,27986
3773,0.667965,66
3774,0.668208,29382
3775,0.668283,66
3776,0.668465,2858
3777,0.668474,66
3778,0.668465,27986
3779,0.668522,66
3780,0.668712,29382
3781,0.66878,66
3782,0.668973,7046
3783,0.668983,66
3784,0.668973,22402
3785,0.669025,66
3786,0.669212,29382
3787,0.669244,66
3788,0.669438,12630
3789,0.669446,66
3790,0.66947,18214
3791,0.669495,66
3792,0.669709,27986
3793,0.669755,66
3794,0.66994,18214
3795,0.669946,66
3796,0.669954,9838
3797,0.669974,66
3798,0.670198,29382
3799,0.670216,66
3800,0.670445,25194
3801,0.670453,66
3802,0.67046,5650
3803,0.670473,66
3804,0.670698,27986
3805,0.670706,66
3806,0.670949,29382
3807,0.670968,66
3808,0.671203,1462
3809,0.671203,27986
3810,0.671234,66
3811,0.671459,30778
3812,0.671486,66
3813,0.671698,5650
3814,0.671702,66
3815,0.671698,22402
3816,0.671719,66
3817,0.671949,29382
3818,0.671967,66
3819,0.672192,12630
3820,0.672197,66
3821,0.67221,18214
3822,0.672225,66
3823,0.67246,29382
3824,0.672485,66
3825,0.672694,16818
3826,0.672702,66
3827,0.672726,15422
3828,0.672752,66
3829,0.672978,29382
3830,0.673021,66
3831,0.673208,19610
3832,0.673224,66
3833,0.673246,11234
3834,0.673281,66
3835,0.673498,30778
3836,0.673565,66
3837,0.673723,22402
3838,0.673755,66
3839,0.673778,9838
3840,0.673803,66
3841,0.673951,19610
3842,0.673966,66
3843,0.674204,30778
3844,0.674222,66
3845,0.674455,4254
3846,0.67446,66
3847,0.674455,25194
3848,0.674476,66
3849,0.674704,25583
3850,0.674716,5650
3851,0.674731,66
3852,0.674955,27986
3853,0.674964,66
3854,0.675203,25194
3855,0.675211,66
3856,0.675454,5650
3857,0.675458,66
3858,0.675454,21006
3859,0.67549,66
3860,0.675742,30778
3861,0.675771,66
3862,0.67595,12630
3863,0.675957,66
3864,0.67597,14026
3865,0.675986,66
3866,0.676221,29382
3867,0.676284,66
3868,0.67646,21006
3869,0.676476,66
3870,0.676491,11234
3871,0.676521,66
3872,0.676724,26590
3873,0.676973,26590
3874,0.677005,7046
3875,0.677223,25194
3876,0.677473,29382
3877,0.677728,2858
3878,0.677728,26590
3879,0.67798,30778
3880,0.678221,7046
3881,0.678221,21006
3882,0.678468,29382
3883,0.678715,14026
3884,0.680536,66
3885,0.681835,27986
3886,0.681883,66
3887,0.682044,21006
3888,0.682289,15422
3889,0.682307,9838
3890,0.682546,21006
3891,0.682797,25194
3892,0.682853,66
3893,0.683046,8442
3894,0.683047,15422
3895,0.683061,66
3896,0.683087,66
3897,0.683304,23798
3898,0.683534,66
3899,0.683547,23798
3900,0.683565,66
3901,0.6838,1462
3902,0.6838,22402
3903,0.683812,66
3904,0.684045,21006
3905,0.684055,66
3906,0.684293,21006
3907,0.684301,66
3908,0.684309,4254
3909,0.684323,66
3910,0.684549,23798
3911,0.684558,66
3912,0.684799,22402
3913,0.685041,14026
3914,0.685059,15422
3915,0.685304,29382
3916,0.685543,19610
3917,0.68556,9838
3918,0.685803,27986
3919,0.686053,26590
3920,0.686066,5650
3921,0.686302,27986
3922,0.686555,29382
3923,0.686805,1462
3924,0.686806,26590
3925,0.687054,26590
3926,0.687062,66
3927,0.687095,66
3928,0.687296,11234
3929,0.687306,66
3930,0.687314,15422
3931,0.687561,26590
3932,0.687799,22402
3933,0.687817,8442
3934,0.688055,27986
3935,0.688309,27986
3936,0.688324,2858
3937,0.688558,27986
3938,0.68881,29382
3939,0.689061,4254
3940,0.689061,26590
3941,0.689311,27986
3942,0.689605,9838
3943,0.689605,25194
3944,0.689827,26590
3945,0.690062,12630
3946,0.690108,19610
3947,0.690312,25194
3948,0.69056,19610
3949,0.69059,12630
3950,0.69084,29382
3951,0.691055,22402
3952,0.691076,5650
3953,0.691124,66
3954,0.691323,29382
3955,0.691347,66
3956,0.691566,27986
3957,0.691583,66
3958,0.691813,1462
3959,0.692372,29382
3960,0.692474,11234
3961,0.692729,23798
3962,0.692749,9838
3963,0.692985,27986
3964,0.693233,26590
3965,0.693246,4254
3966,0.693478,66
3967,0.693485,27986
3968,0.693509,66
3969,0.693734,29382
3970,0.693746,66
3971,0.693991,2858
3972,0.693991,27986
3973,0.694238,29382
3974,0.69449,7046
3975,0.69449,22402
3976,0.69474,29382
3977,0.694976,12630
3978,0.694986,66
3979,0.695,18214
3980,0.695015,66
3981,0.695042,66
3982,0.695237,27986
3983,0.69525,66
3984,0.695485,18214
3985,0.695498,66
3986,0.695515,14026
3987,0.695551,66
3988,0.695746,27986
3989,0.695762,66
3990,0.695984,22402
3991,0.696007,66
3992,0.69601,8442
3993,0.696017,66
3994,0.696245,27986
3995,0.69629,66
3996,0.696495,27986
3997,0.69653,66
3998,0.696553,7046
3999,0.696686,66
4000,0.696794,29382
4001,0.696846,66
4002,0.697028,27986
4003,0.697078,66
4004,0.6971,7046
4005,0.697276,19610
4006,0.697571,34966
4007,0.697753,2858
4008,0.697753,21006
4009,0.697992,27986
4010,0.698232,15422
4011,0.698252,15422
4012,0.69849,27986
4013,0.698733,21006
4014,0.698752,9838
4015,0.698991,27986
4016,0.699238,26590
4017,0.699251,4254
4018,0.699494,27986
4019,0.699746,29382
4020,0.699994,2858
4021,0.699994,25053
4022,0.700612,66
4023,0.714464,2370
4024,0.715717,66
4025,0.721699,30778
4026,0.7218,11234
4027,0.721805,66
4028,0.721824,66
4029,0.72204,22402
4030,0.722052,7046
4031,0.72232,32174
4032,0.722544,25194
4033,0.722551,2858
4034,0.722787,27986
4035,0.723039,29382
4036,0.723316,4254
4037,0.723316,27986
4038,0.723554,27986
4039,0.723803,8442
4040,0.723803,21006
4041,0.724055,29382
4042,0.724287,14026
4043,0.724326,18214
4044,0.724552,27986
4045,0.72479,18214
4046,0.724808,11234
4047,0.725049,27986
4048,0.725312,25194
4049,0.725347,11234
4050,0.725555,23798
4051,0.725813,29382
4052,0.725841,4254
4053,0.726055,25194
4054,0.726316,30778
4055,0.726556,4254
4056,0.726556,23798
4057,0.726832,32174
4058,0.727064,8442
4059,0.727064,19610
4060,0.727331,30778
4061,0.727551,14026
4062,0.729455,66
4063,0.730777,33570
4064,0.730852,66
4065,0.731024,29382
4066,0.731067,66
4067,0.731229,1462
4068,0.73123,23798
4069,0.73124,66
4070,0.73148,29382
4071,0.731492,66
4072,0.731763,11234
4073,0.731788,66
4074,0.73181,26590
4075,0.731835,66
4076,0.731999,23798
4077,0.732056,66
4078,0.732229,14026
4079,0.732249,66
4080,0.732278,18214
4081,0.732364,66
4082,0.732505,26590
4083,0.732539,66
4084,0.732764,19610
4085,0.732786,66
4086,0.732807,15422
4087,0.732824,66
4088,0.732998,23798
4089,0.733022,66
4090,0.733243,25194
4091,0.733256,5650
4092,0.733266,66
4093,0.733492,27986
4094,0.733505,66
4095,0.733734,27986
4096,0.733747,66
4097,0.734,2858
4098,0.734004,66
4099,0.734,29382
4100,0.734027,66
4101,0.734245,27986
4102,0.734258,66
4103,0.734488,7046
4104,0.734493,66
4105,0.734488,22402
4106,0.734539,66
4107,0.73474,29382
4108,0.734778,66
4109,0.734978,12630
4110,0.734985,66
4111,0.734996,16818
4112,0.735021,66
4113,0.735236,29382
4114,0.735263,66
4115,0.735479,18214
4116,0.735487,66
4117,0.735497,12630
4118,0.735531,66
4119,0.735741,27986
4120,0.735771,66
4121,0.735987,23798
4122,0.736,66
4123,0.736004,7046
4124,0.736016,66
4125,0.736237,27986
4126,0.73625,66
4127,0.736499,29382
4128,0.736513,2858
4129,0.736528,66
4130,0.736758,27986
4131,0.73677,66
4132,0.737027,32174
4133,0.73705,66
4134,0.737242,1462
4135,0.737242,23798
4136,0.737259,66
4137,0.737498,30778
4138,0.737531,66
4139,0.737758,9838
4140,0.737765,66
4141,0.737758,19610
4142,0.737788,66
4143,0.737999,29382
4144,0.738026,66
4145,0.738242,15422
4146,0.738267,66
4147,0.738283,18214
4148,0.738306,66
4149,0.738498,25194
4150,0.738529,66
4151,0.738739,21006
4152,0.738751,66
4153,0.738762,9838
4154,0.738813,66
4155,0.739001,27986
4156,0.73905,66
4157,0.739255,26590
4158,0.739273,66
4159,0.73928,2081
4160,0.73928,4254
4161,0.73929,66
4162,0.739524,29382
4163,0.739532,66
4164,0.739778,27986
4165,0.739822,66
4166,0.740031,2858
4167,0.740044,66
4168,0.740031,27986
4169,0.740104,66
4170,0.740284,30778
4171,0.740341,66
4172,0.740513,5650
4173,0.740522,66
4174,0.740513,21006
4175,0.740556,66
4176,0.740767,29382
4177,0.740818,66
4178,0.740989,14026
4179,0.740998,66
4180,0.741013,15422
4181,0.741038,66
4182,0.741251,27986
4183,0.741272,66
4184,0.741492,21006
4185,0.7415,66
4186,0.74151,9838
4187,0.741519,66
4188,0.74175,27986
4189,0.741759,66
4190,0.742,26590
4191,0.742011,66
4192,0.742019,5650
4193,0.742028,66
4194,0.742248,26590
4195,0.742256,66
4196,0.742499,29382
4197,0.74252,66
4198,0.742771,2858
4199,0.742776,66
4200,0.742771,29382
4201,0.742812,66
4202,0.74302,29382
4203,0.743051,66
4204,0.743282,5650
4205,0.743292,66
4206,0.743282,25194
4207,0.743341,66
4208,0.743518,27986
4209,0.743549,66
4210,0.743755,11234
4211,0.743777,66
4212,0.743828,23798
4213,0.743935,66
4214,0.744046,26590
4215,0.744124,66
4216,0.744301,14026
4217,0.74432,66
4218,0.744368,23798
4219,0.74442,66
4220,0.744522,16818
4221,0.744551,66
4222,0.744795,23798
4223,0.744838,14026
4224,0.744866,66
4225,0.745012,21006
4226,0.745042,66
4227,0.745271,29382
4228,0.745308,5650
4229,0.745326,66
4230,0.74536,66
4231,0.745528,26590
4232,0.745575,66
4233,0.745771,27986
4234,0.745805,66
4235,0.746019,4254
4236,0.746026,66
4237,0.746019,25194
4238,0.746058,66
4239,0.746256,27986
4240,0.746276,66
4241,0.746496,11234
4242,0.746501,66
4243,0.746512,19610
4244,0.746523,66
4245,0.746756,27986
4246,0.746775,66
4247,0.746999,16818
4248,0.747004,66
4249,0.747015,14026
4250,0.747019,66
4251,0.747256,27986
4252,0.747277,66
4253,0.747501,22402
4254,0.747509,66
4255,0.747517,8442
4256,0.747535,66
4257,0.747758,27986
4258,0.747801,66
4259,0.748007,27986
4260,0.748015,66
4261,0.748019,2858
4262,0.748033,66
4263,0.748264,29382
4264,0.748286,66
4265,0.748509,29382
4266,0.748518,66
4267,0.74876,2858
4268,0.748764,66
4269,0.74876,26590
4270,0.748779,66
4271,0.74901,29382
4272,0.749031,66
4273,0.749265,8442
4274,0.74927,66
4275,0.749265,21006
4276,0.749286,66
4277,0.749511,29382
4278,0.749536,66
4279,0.749756,14026
4280,0.749762,66
4281,0.749774,16818
4282,0.749794,66
4283,0.750015,27986
4284,0.750037,66
4285,0.750271,6536
4286,0.750276,66
4287,3.541219,2370
4288,3.542297,66
4289,3.543608,7046
4290,3.543639,2858
4291,3.543656,66
4292,3.543706,8442
4293,3.543767,7046
4294,3.543788,2858
4295,3.543855,7046
4296,3.543916,7046
4297,3.543938,2858
4298,3.544005,8442
4299,3.544064,7046
4300,3.544124,4254
4301,3.544124,2858
4302,3.54421,9838
4303,3.544269,7046
4304,3.54451,29382
4305,3.544559,66
4306,3.544754,15422
4307,3.544764,66
4308,3.544768,14026
4309,3.544773,66
4310,3.545014,29382
4311,3.545024,66
4312,3.545242,21006
4313,3.545249,66
4314,3.54527,9838
4315,3.545282,66
4316,3.545513,29382
4317,3.545522,66
4318,3.545749,25194
4319,3.545762,66
4320,3.545768,4254
4321,3.54578,66
4322,3.546001,27986
4323,3.546011,66
4324,3.546254,29382
4325,3.54628,66
4326,3.546499,2858
4327,3.546504,66
4328,3.5465,26590
4329,3.546524,66
4330,3.546776,32174
4331,3.546835,66
4332,3.547008,5650
4333,3.547016,66
4334,3.547008,22402
4335,3.547041,66
4336,3.547252,27986
4337,3.547278,66
4338,3.547493,14026
4339,3.5475,66
4340,3.547517,16818
4341,3.547547,66
4342,3.547751,27986
4343,3.547781,66
4344,3.547996,19610
4345,3.548003,66
4346,3.548025,12630
4347,3.548032,66
4348,3.54827,27986
4349,3.548284,66
4350,3.548511,23798
4351,3.548521,66
4352,3.548525,7046
4353,3.548552,66
4354,3.548773,29382
4355,3.548806,66
4356,3.549001,26590
4357,3.54901,66
4358,3.549255,1462
4359,3.549255,29382
4360,3.549289,66
4361,3.549503,29382
4362,3.549512,66
4363,3.549754,5650
4364,3.549758,66
4365,3.549754,23798
4366,3.549783,66
4367,3.550005,29382
4368,3.55004,66
4369,3.550247,11234
4370,3.550252,66
4371,3.550263,19610
4372,3.550278,66
4373,3.550506,27986
4374,3.550523,66
4375,3.550748,16818
4376,3.550755,66
4377,3.550764,14026
4378,3.550768,66
4379,3.551007,27986
4380,3.551025,66
4381,3.55125,22402
4382,3.551256,66
4383,3.551265,8442
4384,3.551285,66
4385,3.551506,27986
4386,3.551525,66
4387,3.551756,27986
4388,3.551764,66
4389,3.551768,2858
4390,3.551775,66
4391,3.552008,27986
4392,3.552015,66
4393,3.552257,29382
4394,3.552286,66
4395,3.552506,4254
4396,3.55251,66
4397,3.552506,25194
4398,3.552532,66
4399,3.552804,34966
4400,3.552845,66
4401,3.553019,4254
4402,3.553023,66
4403,3.55302,21006
4404,3.553035,66
4405,3.553258,27986
4406,3.553275,66
4407,3.553511,15422
4408,3.553517,66
4409,3.553527,16818
4410,3.553545,66
4411,3.553759,27986
4412,3.553776,66
4413,3.554005,19610
4414,3.55401,66
4415,3.554018,9838
4416,3.554039,66
4417,3.554263,29382
4418,3.55428,66
4419,3.554518,25194
4420,3.554525,66
4421,3.55453,5650
4422,3.554536,66
4423,3.55477,29382
4424,3.554778,66
4425,3.555012,27986
4426,3.55502,66
4427,3.555263,1462
4428,3.555263,27986
4429,3.555276,66
4430,3.555513,29382
4431,3.555541,66
4432,3.555761,7046
4433,3.555765,66
4434,3.555761,22402
4435,3.555777,66
4436,3.556012,29382
4437,3.556029,66
4438,3.556257,12630
4439,3.556264,66
4440,3.556273,18214
4441,3.556287,66
4442,3.556517,29382
4443,3.556552,66
4444,3.55676,16818
4445,3.556767,66
4446,3.556781,14026
4447,3.556785,66
4448,3.557021,27986
4449,3.557047,66
4450,3.557264,22402
4451,3.557274,66
4452,3.557291,8442
4453,3.557323,66
4454,3.557522,27986
4455,3.557549,66
4456,3.557771,27986
4457,3.557782,66
4458,3.557789,4254
4459,3.557801,66
4460,3.558024,26590
4461,3.558036,66
4462,3.558278,29382
4463,3.558305,66
4464,3.558526,4254
4465,3.558533,66
4466,3.558526,25194
4467,3.55858,66
4468,3.558785,30778
4469,3.558837,66
4470,3.55904,8442
4471,3.559052,66
4472,3.55904,21006
4473,3.559284,29382
4474,3.559515,14026
4475,3.559536,15422
4476,3.559762,3967
4477,3.560349,66
4478,48.764251,66
4479,48.765292,66
